date_added,date_id,year,month,month_name,day,day_of_week,day_name,quarter
2008-01-01,1,2008,1,January,1,1,Tuesday,1
2008-02-04,2,2008,2,February,4,0,Monday,1
2009-05-05,3,2009,5,May,5,1,Tuesday,2
2009-11-18,4,2009,11,November,18,2,Wednesday,4
2010-11-01,5,2010,11,November,1,0,Monday,4
2011-05-17,6,2011,5,May,17,1,Tuesday,2
2011-09-27,7,2011,9,September,27,1,Tuesday,3
2011-10-01,8,2011,10,October,1,5,Saturday,4
2012-02-21,9,2012,2,February,21,1,Tuesday,1
2012-11-14,10,2012,11,November,14,2,Wednesday,4
2012-12-01,11,2012,12,December,1,5,Saturday,4
2013-03-31,12,2013,3,March,31,6,Sunday,1
2013-08-02,13,2013,8,August,2,4,Friday,3
2013-09-01,14,2013,9,September,1,6,Sunday,3
2013-10-08,15,2013,10,October,8,1,Tuesday,4
2013-10-14,16,2013,10,October,14,0,Monday,4
2013-11-01,17,2013,11,November,1,4,Friday,4
2013-12-12,18,2013,12,December,12,3,Thursday,4
2013-12-29,19,2013,12,December,29,6,Sunday,4
2014-01-17,20,2014,1,January,17,4,Friday,1
2014-01-24,21,2014,1,January,24,4,Friday,1
2014-02-01,22,2014,2,February,1,5,Saturday,1
2014-02-16,23,2014,2,February,16,6,Sunday,1
2014-04-01,24,2014,4,April,1,1,Tuesday,2
2014-04-15,25,2014,4,April,15,1,Tuesday,2
2014-06-15,26,2014,6,June,15,6,Sunday,2
2014-07-11,27,2014,7,July,11,4,Friday,3
2014-08-15,28,2014,8,August,15,4,Friday,3
2014-09-26,29,2014,9,September,26,4,Friday,3
2014-10-10,30,2014,10,October,10,4,Friday,4
2014-10-12,31,2014,10,October,12,6,Sunday,4
2014-10-21,32,2014,10,October,21,1,Tuesday,4
2014-10-24,33,2014,10,October,24,4,Friday,4
2014-11-07,34,2014,11,November,7,4,Friday,4
2014-11-14,35,2014,11,November,14,4,Friday,4
2014-11-19,36,2014,11,November,19,2,Wednesday,4
2014-11-21,37,2014,11,November,21,4,Friday,4
2014-12-05,38,2014,12,December,5,4,Friday,4
2014-12-12,39,2014,12,December,12,4,Friday,4
2014-12-17,40,2014,12,December,17,2,Wednesday,4
2014-12-18,41,2014,12,December,18,3,Thursday,4
2014-12-19,42,2014,12,December,19,4,Friday,4
2015-01-23,43,2015,1,January,23,4,Friday,1
2015-02-01,44,2015,2,February,1,6,Sunday,1
2015-02-13,45,2015,2,February,13,4,Friday,1
2015-02-15,46,2015,2,February,15,6,Sunday,1
2015-02-27,47,2015,2,February,27,4,Friday,1
2015-03-06,48,2015,3,March,6,4,Friday,1
2015-03-15,49,2015,3,March,15,6,Sunday,1
2015-03-22,50,2015,3,March,22,6,Sunday,1
2015-04-16,51,2015,4,April,16,3,Thursday,2
2015-04-17,52,2015,4,April,17,4,Friday,2
2015-04-22,53,2015,4,April,22,2,Wednesday,2
2015-05-10,54,2015,5,May,10,6,Sunday,2
2015-05-17,55,2015,5,May,17,6,Sunday,2
2015-05-22,56,2015,5,May,22,4,Friday,2
2015-05-29,57,2015,5,May,29,4,Friday,2
2015-05-31,58,2015,5,May,31,6,Sunday,2
2015-06-01,59,2015,6,June,1,0,Monday,2
2015-06-15,60,2015,6,June,15,0,Monday,2
2015-06-23,61,2015,6,June,23,1,Tuesday,2
2015-06-26,62,2015,6,June,26,4,Friday,2
2015-06-29,63,2015,6,June,29,0,Monday,2
2015-06-30,64,2015,6,June,30,1,Tuesday,2
2015-07-07,65,2015,7,July,7,1,Tuesday,3
2015-07-10,66,2015,7,July,10,4,Friday,3
2015-07-14,67,2015,7,July,14,1,Tuesday,3
2015-07-15,68,2015,7,July,15,2,Wednesday,3
2015-07-17,69,2015,7,July,17,4,Friday,3
2015-07-31,70,2015,7,July,31,4,Friday,3
2015-08-05,71,2015,8,August,5,2,Wednesday,3
2015-08-14,72,2015,8,August,14,4,Friday,3
2015-09-02,73,2015,9,September,2,2,Wednesday,3
2015-09-08,74,2015,9,September,8,1,Tuesday,3
2015-09-15,75,2015,9,September,15,1,Tuesday,3
2015-09-18,76,2015,9,September,18,4,Friday,3
2015-09-22,77,2015,9,September,22,1,Tuesday,3
2015-09-29,78,2015,9,September,29,1,Tuesday,3
2015-10-01,79,2015,10,October,1,3,Thursday,4
2015-10-02,80,2015,10,October,2,4,Friday,4
2015-10-09,81,2015,10,October,9,4,Friday,4
2015-10-10,82,2015,10,October,10,5,Saturday,4
2015-10-14,83,2015,10,October,14,2,Wednesday,4
2015-10-16,84,2015,10,October,16,4,Friday,4
2015-10-22,85,2015,10,October,22,3,Thursday,4
2015-10-23,86,2015,10,October,23,4,Friday,4
2015-10-25,87,2015,10,October,25,6,Sunday,4
2015-10-27,88,2015,10,October,27,1,Tuesday,4
2015-10-31,89,2015,10,October,31,5,Saturday,4
2015-11-03,90,2015,11,November,3,1,Tuesday,4
2015-11-13,91,2015,11,November,13,4,Friday,4
2015-11-18,92,2015,11,November,18,2,Wednesday,4
2015-12-01,93,2015,12,December,1,1,Tuesday,4
2015-12-02,94,2015,12,December,2,2,Wednesday,4
2015-12-04,95,2015,12,December,4,4,Friday,4
2015-12-09,96,2015,12,December,9,2,Wednesday,4
2015-12-11,97,2015,12,December,11,4,Friday,4
2015-12-15,98,2015,12,December,15,1,Tuesday,4
2015-12-17,99,2015,12,December,17,3,Thursday,4
2015-12-18,100,2015,12,December,18,4,Friday,4
2015-12-20,101,2015,12,December,20,6,Sunday,4
2015-12-25,102,2015,12,December,25,4,Friday,4
2015-12-26,103,2015,12,December,26,5,Saturday,4
2015-12-28,104,2015,12,December,28,0,Monday,4
2015-12-31,105,2015,12,December,31,3,Thursday,4
2016-01-01,106,2016,1,January,1,4,Friday,1
2016-01-08,107,2016,1,January,8,4,Friday,1
2016-01-13,108,2016,1,January,13,2,Wednesday,1
2016-01-15,109,2016,1,January,15,4,Friday,1
2016-01-22,110,2016,1,January,22,4,Friday,1
2016-01-23,111,2016,1,January,23,5,Saturday,1
2016-01-28,112,2016,1,January,28,3,Thursday,1
2016-02-01,113,2016,2,February,1,0,Monday,1
2016-02-04,114,2016,2,February,4,3,Thursday,1
2016-02-05,115,2016,2,February,5,4,Friday,1
2016-02-06,116,2016,2,February,6,5,Saturday,1
2016-02-08,117,2016,2,February,8,0,Monday,1
2016-02-14,118,2016,2,February,14,6,Sunday,1
2016-02-18,119,2016,2,February,18,3,Thursday,1
2016-02-19,120,2016,2,February,19,4,Friday,1
2016-02-24,121,2016,2,February,24,2,Wednesday,1
2016-02-26,122,2016,2,February,26,4,Friday,1
2016-03-01,123,2016,3,March,1,1,Tuesday,1
2016-03-02,124,2016,3,March,2,2,Wednesday,1
2016-03-07,125,2016,3,March,7,0,Monday,1
2016-03-09,126,2016,3,March,9,2,Wednesday,1
2016-03-11,127,2016,3,March,11,4,Friday,1
2016-03-16,128,2016,3,March,16,2,Wednesday,1
2016-03-18,129,2016,3,March,18,4,Friday,1
2016-03-19,130,2016,3,March,19,5,Saturday,1
2016-03-25,131,2016,3,March,25,4,Friday,1
2016-03-31,132,2016,3,March,31,3,Thursday,1
2016-04-01,133,2016,4,April,1,4,Friday,2
2016-04-05,134,2016,4,April,5,1,Tuesday,2
2016-04-08,135,2016,4,April,8,4,Friday,2
2016-04-09,136,2016,4,April,9,5,Saturday,2
2016-04-15,137,2016,4,April,15,4,Friday,2
2016-04-17,138,2016,4,April,17,6,Sunday,2
2016-04-20,139,2016,4,April,20,2,Wednesday,2
2016-04-22,140,2016,4,April,22,4,Friday,2
2016-04-25,141,2016,4,April,25,0,Monday,2
2016-04-28,142,2016,4,April,28,3,Thursday,2
2016-04-29,143,2016,4,April,29,4,Friday,2
2016-05-01,144,2016,5,May,1,6,Sunday,2
2016-05-05,145,2016,5,May,5,3,Thursday,2
2016-05-06,146,2016,5,May,6,4,Friday,2
2016-05-08,147,2016,5,May,8,6,Sunday,2
2016-05-15,148,2016,5,May,15,6,Sunday,2
2016-05-22,149,2016,5,May,22,6,Sunday,2
2016-05-23,150,2016,5,May,23,0,Monday,2
2016-05-26,151,2016,5,May,26,3,Thursday,2
2016-05-27,152,2016,5,May,27,4,Friday,2
2016-05-28,153,2016,5,May,28,5,Saturday,2
2016-06-01,154,2016,6,June,1,2,Wednesday,2
2016-06-02,155,2016,6,June,2,3,Thursday,2
2016-06-03,156,2016,6,June,3,4,Friday,2
2016-06-13,157,2016,6,June,13,0,Monday,2
2016-06-18,158,2016,6,June,18,5,Saturday,2
2016-06-20,159,2016,6,June,20,0,Monday,2
2016-06-24,160,2016,6,June,24,4,Friday,2
2016-06-30,161,2016,6,June,30,3,Thursday,2
2016-07-01,162,2016,7,July,1,4,Friday,3
2016-07-04,163,2016,7,July,4,0,Monday,3
2016-07-06,164,2016,7,July,6,2,Wednesday,3
2016-07-07,165,2016,7,July,7,3,Thursday,3
2016-07-08,166,2016,7,July,8,4,Friday,3
2016-07-10,167,2016,7,July,10,6,Sunday,3
2016-07-14,168,2016,7,July,14,3,Thursday,3
2016-07-15,169,2016,7,July,15,4,Friday,3
2016-07-21,170,2016,7,July,21,3,Thursday,3
2016-07-24,171,2016,7,July,24,6,Sunday,3
2016-07-25,172,2016,7,July,25,0,Monday,3
2016-07-29,173,2016,7,July,29,4,Friday,3
2016-08-01,174,2016,8,August,1,0,Monday,3
2016-08-02,175,2016,8,August,2,1,Tuesday,3
2016-08-05,176,2016,8,August,5,4,Friday,3
2016-08-11,177,2016,8,August,11,3,Thursday,3
2016-08-13,178,2016,8,August,13,5,Saturday,3
2016-08-15,179,2016,8,August,15,0,Monday,3
2016-08-19,180,2016,8,August,19,4,Friday,3
2016-08-25,181,2016,8,August,25,3,Thursday,3
2016-08-26,182,2016,8,August,26,4,Friday,3
2016-09-01,183,2016,9,September,1,3,Thursday,3
2016-09-02,184,2016,9,September,2,4,Friday,3
2016-09-06,185,2016,9,September,6,1,Tuesday,3
2016-09-07,186,2016,9,September,7,2,Wednesday,3
2016-09-09,187,2016,9,September,9,4,Friday,3
2016-09-13,188,2016,9,September,13,1,Tuesday,3
2016-09-15,189,2016,9,September,15,3,Thursday,3
2016-09-16,190,2016,9,September,16,4,Friday,3
2016-09-17,191,2016,9,September,17,5,Saturday,3
2016-09-19,192,2016,9,September,19,0,Monday,3
2016-09-20,193,2016,9,September,20,1,Tuesday,3
2016-09-22,194,2016,9,September,22,3,Thursday,3
2016-09-23,195,2016,9,September,23,4,Friday,3
2016-09-30,196,2016,9,September,30,4,Friday,3
2016-10-01,197,2016,10,October,1,5,Saturday,4
2016-10-04,198,2016,10,October,4,1,Tuesday,4
2016-10-07,199,2016,10,October,7,4,Friday,4
2016-10-12,200,2016,10,October,12,2,Wednesday,4
2016-10-13,201,2016,10,October,13,3,Thursday,4
2016-10-14,202,2016,10,October,14,4,Friday,4
2016-10-15,203,2016,10,October,15,5,Saturday,4
2016-10-16,204,2016,10,October,16,6,Sunday,4
2016-10-21,205,2016,10,October,21,4,Friday,4
2016-10-27,206,2016,10,October,27,3,Thursday,4
2016-10-28,207,2016,10,October,28,4,Friday,4
2016-10-29,208,2016,10,October,29,5,Saturday,4
2016-11-01,209,2016,11,November,1,1,Tuesday,4
2016-11-02,210,2016,11,November,2,2,Wednesday,4
2016-11-04,211,2016,11,November,4,4,Friday,4
2016-11-09,212,2016,11,November,9,2,Wednesday,4
2016-11-10,213,2016,11,November,10,3,Thursday,4
2016-11-11,214,2016,11,November,11,4,Friday,4
2016-11-15,215,2016,11,November,15,1,Tuesday,4
2016-11-17,216,2016,11,November,17,3,Thursday,4
2016-11-18,217,2016,11,November,18,4,Friday,4
2016-11-19,218,2016,11,November,19,5,Saturday,4
2016-11-21,219,2016,11,November,21,0,Monday,4
2016-11-22,220,2016,11,November,22,1,Tuesday,4
2016-11-25,221,2016,11,November,25,4,Friday,4
2016-11-30,222,2016,11,November,30,2,Wednesday,4
2016-12-01,223,2016,12,December,1,3,Thursday,4
2016-12-02,224,2016,12,December,2,4,Friday,4
2016-12-03,225,2016,12,December,3,5,Saturday,4
2016-12-04,226,2016,12,December,4,6,Sunday,4
2016-12-05,227,2016,12,December,5,0,Monday,4
2016-12-06,228,2016,12,December,6,1,Tuesday,4
2016-12-08,229,2016,12,December,8,3,Thursday,4
2016-12-09,230,2016,12,December,9,4,Friday,4
2016-12-10,231,2016,12,December,10,5,Saturday,4
2016-12-11,232,2016,12,December,11,6,Sunday,4
2016-12-12,233,2016,12,December,12,0,Monday,4
2016-12-13,234,2016,12,December,13,1,Tuesday,4
2016-12-14,235,2016,12,December,14,2,Wednesday,4
2016-12-15,236,2016,12,December,15,3,Thursday,4
2016-12-16,237,2016,12,December,16,4,Friday,4
2016-12-19,238,2016,12,December,19,0,Monday,4
2016-12-20,239,2016,12,December,20,1,Tuesday,4
2016-12-21,240,2016,12,December,21,2,Wednesday,4
2016-12-23,241,2016,12,December,23,4,Friday,4
2016-12-25,242,2016,12,December,25,6,Sunday,4
2016-12-26,243,2016,12,December,26,0,Monday,4
2016-12-27,244,2016,12,December,27,1,Tuesday,4
2016-12-28,245,2016,12,December,28,2,Wednesday,4
2016-12-30,246,2016,12,December,30,4,Friday,4
2016-12-31,247,2016,12,December,31,5,Saturday,4
2017-01-01,248,2017,1,January,1,6,Sunday,1
2017-01-03,249,2017,1,January,3,1,Tuesday,1
2017-01-04,250,2017,1,January,4,2,Wednesday,1
2017-01-05,251,2017,1,January,5,3,Thursday,1
2017-01-06,252,2017,1,January,6,4,Friday,1
2017-01-07,253,2017,1,January,7,5,Saturday,1
2017-01-10,254,2017,1,January,10,1,Tuesday,1
2017-01-12,255,2017,1,January,12,3,Thursday,1
2017-01-13,256,2017,1,January,13,4,Friday,1
2017-01-14,257,2017,1,January,14,5,Saturday,1
2017-01-15,258,2017,1,January,15,6,Sunday,1
2017-01-16,259,2017,1,January,16,0,Monday,1
2017-01-17,260,2017,1,January,17,1,Tuesday,1
2017-01-18,261,2017,1,January,18,2,Wednesday,1
2017-01-19,262,2017,1,January,19,3,Thursday,1
2017-01-20,263,2017,1,January,20,4,Friday,1
2017-01-23,264,2017,1,January,23,0,Monday,1
2017-01-24,265,2017,1,January,24,1,Tuesday,1
2017-01-25,266,2017,1,January,25,2,Wednesday,1
2017-01-26,267,2017,1,January,26,3,Thursday,1
2017-01-27,268,2017,1,January,27,4,Friday,1
2017-01-29,269,2017,1,January,29,6,Sunday,1
2017-01-31,270,2017,1,January,31,1,Tuesday,1
2017-02-01,271,2017,2,February,1,2,Wednesday,1
2017-02-02,272,2017,2,February,2,3,Thursday,1
2017-02-03,273,2017,2,February,3,4,Friday,1
2017-02-04,274,2017,2,February,4,5,Saturday,1
2017-02-05,275,2017,2,February,5,6,Sunday,1
2017-02-07,276,2017,2,February,7,1,Tuesday,1
2017-02-08,277,2017,2,February,8,2,Wednesday,1
2017-02-10,278,2017,2,February,10,4,Friday,1
2017-02-11,279,2017,2,February,11,5,Saturday,1
2017-02-12,280,2017,2,February,12,6,Sunday,1
2017-02-14,281,2017,2,February,14,1,Tuesday,1
2017-02-15,282,2017,2,February,15,2,Wednesday,1
2017-02-16,283,2017,2,February,16,3,Thursday,1
2017-02-17,284,2017,2,February,17,4,Friday,1
2017-02-19,285,2017,2,February,19,6,Sunday,1
2017-02-20,286,2017,2,February,20,0,Monday,1
2017-02-21,287,2017,2,February,21,1,Tuesday,1
2017-02-22,288,2017,2,February,22,2,Wednesday,1
2017-02-23,289,2017,2,February,23,3,Thursday,1
2017-02-24,290,2017,2,February,24,4,Friday,1
2017-02-25,291,2017,2,February,25,5,Saturday,1
2017-02-26,292,2017,2,February,26,6,Sunday,1
2017-02-27,293,2017,2,February,27,0,Monday,1
2017-02-28,294,2017,2,February,28,1,Tuesday,1
2017-03-01,295,2017,3,March,1,2,Wednesday,1
2017-03-02,296,2017,3,March,2,3,Thursday,1
2017-03-03,297,2017,3,March,3,4,Friday,1
2017-03-04,298,2017,3,March,4,5,Saturday,1
2017-03-07,299,2017,3,March,7,1,Tuesday,1
2017-03-08,300,2017,3,March,8,2,Wednesday,1
2017-03-09,301,2017,3,March,9,3,Thursday,1
2017-03-10,302,2017,3,March,10,4,Friday,1
2017-03-14,303,2017,3,March,14,1,Tuesday,1
2017-03-15,304,2017,3,March,15,2,Wednesday,1
2017-03-16,305,2017,3,March,16,3,Thursday,1
2017-03-17,306,2017,3,March,17,4,Friday,1
2017-03-18,307,2017,3,March,18,5,Saturday,1
2017-03-20,308,2017,3,March,20,0,Monday,1
2017-03-21,309,2017,3,March,21,1,Tuesday,1
2017-03-23,310,2017,3,March,23,3,Thursday,1
2017-03-24,311,2017,3,March,24,4,Friday,1
2017-03-28,312,2017,3,March,28,1,Tuesday,1
2017-03-30,313,2017,3,March,30,3,Thursday,1
2017-03-31,314,2017,3,March,31,4,Friday,1
2017-04-01,315,2017,4,April,1,5,Saturday,2
2017-04-02,316,2017,4,April,2,6,Sunday,2
2017-04-04,317,2017,4,April,4,1,Tuesday,2
2017-04-06,318,2017,4,April,6,3,Thursday,2
2017-04-07,319,2017,4,April,7,4,Friday,2
2017-04-08,320,2017,4,April,8,5,Saturday,2
2017-04-10,321,2017,4,April,10,0,Monday,2
2017-04-11,322,2017,4,April,11,1,Tuesday,2
2017-04-12,323,2017,4,April,12,2,Wednesday,2
2017-04-14,324,2017,4,April,14,4,Friday,2
2017-04-15,325,2017,4,April,15,5,Saturday,2
2017-04-16,326,2017,4,April,16,6,Sunday,2
2017-04-18,327,2017,4,April,18,1,Tuesday,2
2017-04-19,328,2017,4,April,19,2,Wednesday,2
2017-04-20,329,2017,4,April,20,3,Thursday,2
2017-04-21,330,2017,4,April,21,4,Friday,2
2017-04-22,331,2017,4,April,22,5,Saturday,2
2017-04-23,332,2017,4,April,23,6,Sunday,2
2017-04-25,333,2017,4,April,25,1,Tuesday,2
2017-04-26,334,2017,4,April,26,2,Wednesday,2
2017-04-27,335,2017,4,April,27,3,Thursday,2
2017-04-28,336,2017,4,April,28,4,Friday,2
2017-05-01,337,2017,5,May,1,0,Monday,2
2017-05-02,338,2017,5,May,2,1,Tuesday,2
2017-05-04,339,2017,5,May,4,3,Thursday,2
2017-05-05,340,2017,5,May,5,4,Friday,2
2017-05-07,341,2017,5,May,7,6,Sunday,2
2017-05-08,342,2017,5,May,8,0,Monday,2
2017-05-09,343,2017,5,May,9,1,Tuesday,2
2017-05-10,344,2017,5,May,10,2,Wednesday,2
2017-05-12,345,2017,5,May,12,4,Friday,2
2017-05-13,346,2017,5,May,13,5,Saturday,2
2017-05-14,347,2017,5,May,14,6,Sunday,2
2017-05-15,348,2017,5,May,15,0,Monday,2
2017-05-16,349,2017,5,May,16,1,Tuesday,2
2017-05-18,350,2017,5,May,18,3,Thursday,2
2017-05-19,351,2017,5,May,19,4,Friday,2
2017-05-22,352,2017,5,May,22,0,Monday,2
2017-05-23,353,2017,5,May,23,1,Tuesday,2
2017-05-25,354,2017,5,May,25,3,Thursday,2
2017-05-26,355,2017,5,May,26,4,Friday,2
2017-05-29,356,2017,5,May,29,0,Monday,2
2017-05-30,357,2017,5,May,30,1,Tuesday,2
2017-05-31,358,2017,5,May,31,2,Wednesday,2
2017-06-01,359,2017,6,June,1,3,Thursday,2
2017-06-02,360,2017,6,June,2,4,Friday,2
2017-06-03,361,2017,6,June,3,5,Saturday,2
2017-06-05,362,2017,6,June,5,0,Monday,2
2017-06-08,363,2017,6,June,8,3,Thursday,2
2017-06-09,364,2017,6,June,9,4,Friday,2
2017-06-10,365,2017,6,June,10,5,Saturday,2
2017-06-13,366,2017,6,June,13,1,Tuesday,2
2017-06-15,367,2017,6,June,15,3,Thursday,2
2017-06-16,368,2017,6,June,16,4,Friday,2
2017-06-17,369,2017,6,June,17,5,Saturday,2
2017-06-19,370,2017,6,June,19,0,Monday,2
2017-06-20,371,2017,6,June,20,1,Tuesday,2
2017-06-21,372,2017,6,June,21,2,Wednesday,2
2017-06-22,373,2017,6,June,22,3,Thursday,2
2017-06-23,374,2017,6,June,23,4,Friday,2
2017-06-24,375,2017,6,June,24,5,Saturday,2
2017-06-25,376,2017,6,June,25,6,Sunday,2
2017-06-26,377,2017,6,June,26,0,Monday,2
2017-06-27,378,2017,6,June,27,1,Tuesday,2
2017-06-28,379,2017,6,June,28,2,Wednesday,2
2017-06-30,380,2017,6,June,30,4,Friday,2
2017-07-01,381,2017,7,July,1,5,Saturday,3
2017-07-04,382,2017,7,July,4,1,Tuesday,3
2017-07-06,383,2017,7,July,6,3,Thursday,3
2017-07-07,384,2017,7,July,7,4,Friday,3
2017-07-10,385,2017,7,July,10,0,Monday,3
2017-07-12,386,2017,7,July,12,2,Wednesday,3
2017-07-13,387,2017,7,July,13,3,Thursday,3
2017-07-14,388,2017,7,July,14,4,Friday,3
2017-07-15,389,2017,7,July,15,5,Saturday,3
2017-07-17,390,2017,7,July,17,0,Monday,3
2017-07-18,391,2017,7,July,18,1,Tuesday,3
2017-07-19,392,2017,7,July,19,2,Wednesday,3
2017-07-20,393,2017,7,July,20,3,Thursday,3
2017-07-21,394,2017,7,July,21,4,Friday,3
2017-07-24,395,2017,7,July,24,0,Monday,3
2017-07-25,396,2017,7,July,25,1,Tuesday,3
2017-07-28,397,2017,7,July,28,4,Friday,3
2017-07-30,398,2017,7,July,30,6,Sunday,3
2017-08-01,399,2017,8,August,1,1,Tuesday,3
2017-08-03,400,2017,8,August,3,3,Thursday,3
2017-08-04,401,2017,8,August,4,4,Friday,3
2017-08-05,402,2017,8,August,5,5,Saturday,3
2017-08-06,403,2017,8,August,6,6,Sunday,3
2017-08-07,404,2017,8,August,7,0,Monday,3
2017-08-08,405,2017,8,August,8,1,Tuesday,3
2017-08-09,406,2017,8,August,9,2,Wednesday,3
2017-08-10,407,2017,8,August,10,3,Thursday,3
2017-08-11,408,2017,8,August,11,4,Friday,3
2017-08-12,409,2017,8,August,12,5,Saturday,3
2017-08-13,410,2017,8,August,13,6,Sunday,3
2017-08-14,411,2017,8,August,14,0,Monday,3
2017-08-15,412,2017,8,August,15,1,Tuesday,3
2017-08-16,413,2017,8,August,16,2,Wednesday,3
2017-08-17,414,2017,8,August,17,3,Thursday,3
2017-08-18,415,2017,8,August,18,4,Friday,3
2017-08-19,416,2017,8,August,19,5,Saturday,3
2017-08-20,417,2017,8,August,20,6,Sunday,3
2017-08-21,418,2017,8,August,21,0,Monday,3
2017-08-22,419,2017,8,August,22,1,Tuesday,3
2017-08-23,420,2017,8,August,23,2,Wednesday,3
2017-08-25,421,2017,8,August,25,4,Friday,3
2017-08-26,422,2017,8,August,26,5,Saturday,3
2017-08-27,423,2017,8,August,27,6,Sunday,3
2017-08-28,424,2017,8,August,28,0,Monday,3
2017-08-29,425,2017,8,August,29,1,Tuesday,3
2017-08-31,426,2017,8,August,31,3,Thursday,3
2017-09-01,427,2017,9,September,1,4,Friday,3
2017-09-02,428,2017,9,September,2,5,Saturday,3
2017-09-04,429,2017,9,September,4,0,Monday,3
2017-09-05,430,2017,9,September,5,1,Tuesday,3
2017-09-06,431,2017,9,September,6,2,Wednesday,3
2017-09-07,432,2017,9,September,7,3,Thursday,3
2017-09-08,433,2017,9,September,8,4,Friday,3
2017-09-11,434,2017,9,September,11,0,Monday,3
2017-09-12,435,2017,9,September,12,1,Tuesday,3
2017-09-13,436,2017,9,September,13,2,Wednesday,3
2017-09-15,437,2017,9,September,15,4,Friday,3
2017-09-17,438,2017,9,September,17,6,Sunday,3
2017-09-18,439,2017,9,September,18,0,Monday,3
2017-09-19,440,2017,9,September,19,1,Tuesday,3
2017-09-22,441,2017,9,September,22,4,Friday,3
2017-09-24,442,2017,9,September,24,6,Sunday,3
2017-09-25,443,2017,9,September,25,0,Monday,3
2017-09-26,444,2017,9,September,26,1,Tuesday,3
2017-09-27,445,2017,9,September,27,2,Wednesday,3
2017-09-28,446,2017,9,September,28,3,Thursday,3
2017-09-29,447,2017,9,September,29,4,Friday,3
2017-09-30,448,2017,9,September,30,5,Saturday,3
2017-10-01,449,2017,10,October,1,6,Sunday,4
2017-10-02,450,2017,10,October,2,0,Monday,4
2017-10-03,451,2017,10,October,3,1,Tuesday,4
2017-10-05,452,2017,10,October,5,3,Thursday,4
2017-10-06,453,2017,10,October,6,4,Friday,4
2017-10-07,454,2017,10,October,7,5,Saturday,4
2017-10-10,455,2017,10,October,10,1,Tuesday,4
2017-10-12,456,2017,10,October,12,3,Thursday,4
2017-10-13,457,2017,10,October,13,4,Friday,4
2017-10-14,458,2017,10,October,14,5,Saturday,4
2017-10-15,459,2017,10,October,15,6,Sunday,4
2017-10-16,460,2017,10,October,16,0,Monday,4
2017-10-17,461,2017,10,October,17,1,Tuesday,4
2017-10-18,462,2017,10,October,18,2,Wednesday,4
2017-10-19,463,2017,10,October,19,3,Thursday,4
2017-10-20,464,2017,10,October,20,4,Friday,4
2017-10-21,465,2017,10,October,21,5,Saturday,4
2017-10-22,466,2017,10,October,22,6,Sunday,4
2017-10-23,467,2017,10,October,23,0,Monday,4
2017-10-24,468,2017,10,October,24,1,Tuesday,4
2017-10-25,469,2017,10,October,25,2,Wednesday,4
2017-10-26,470,2017,10,October,26,3,Thursday,4
2017-10-27,471,2017,10,October,27,4,Friday,4
2017-10-28,472,2017,10,October,28,5,Saturday,4
2017-10-30,473,2017,10,October,30,0,Monday,4
2017-10-31,474,2017,10,October,31,1,Tuesday,4
2017-11-01,475,2017,11,November,1,2,Wednesday,4
2017-11-03,476,2017,11,November,3,4,Friday,4
2017-11-04,477,2017,11,November,4,5,Saturday,4
2017-11-05,478,2017,11,November,5,6,Sunday,4
2017-11-06,479,2017,11,November,6,0,Monday,4
2017-11-07,480,2017,11,November,7,1,Tuesday,4
2017-11-10,481,2017,11,November,10,4,Friday,4
2017-11-11,482,2017,11,November,11,5,Saturday,4
2017-11-12,483,2017,11,November,12,6,Sunday,4
2017-11-13,484,2017,11,November,13,0,Monday,4
2017-11-14,485,2017,11,November,14,1,Tuesday,4
2017-11-15,486,2017,11,November,15,2,Wednesday,4
2017-11-16,487,2017,11,November,16,3,Thursday,4
2017-11-17,488,2017,11,November,17,4,Friday,4
2017-11-18,489,2017,11,November,18,5,Saturday,4
2017-11-21,490,2017,11,November,21,1,Tuesday,4
2017-11-22,491,2017,11,November,22,2,Wednesday,4
2017-11-23,492,2017,11,November,23,3,Thursday,4
2017-11-24,493,2017,11,November,24,4,Friday,4
2017-11-27,494,2017,11,November,27,0,Monday,4
2017-11-30,495,2017,11,November,30,3,Thursday,4
2017-12-01,496,2017,12,December,1,4,Friday,4
2017-12-02,497,2017,12,December,2,5,Saturday,4
2017-12-05,498,2017,12,December,5,1,Tuesday,4
2017-12-06,499,2017,12,December,6,2,Wednesday,4
2017-12-07,500,2017,12,December,7,3,Thursday,4
2017-12-08,501,2017,12,December,8,4,Friday,4
2017-12-11,502,2017,12,December,11,0,Monday,4
2017-12-12,503,2017,12,December,12,1,Tuesday,4
2017-12-14,504,2017,12,December,14,3,Thursday,4
2017-12-15,505,2017,12,December,15,4,Friday,4
2017-12-16,506,2017,12,December,16,5,Saturday,4
2017-12-18,507,2017,12,December,18,0,Monday,4
2017-12-19,508,2017,12,December,19,1,Tuesday,4
2017-12-20,509,2017,12,December,20,2,Wednesday,4
2017-12-21,510,2017,12,December,21,3,Thursday,4
2017-12-22,511,2017,12,December,22,4,Friday,4
2017-12-23,512,2017,12,December,23,5,Saturday,4
2017-12-25,513,2017,12,December,25,0,Monday,4
2017-12-26,514,2017,12,December,26,1,Tuesday,4
2017-12-27,515,2017,12,December,27,2,Wednesday,4
2017-12-29,516,2017,12,December,29,4,Friday,4
2017-12-30,517,2017,12,December,30,5,Saturday,4
2017-12-31,518,2017,12,December,31,6,Sunday,4
2018-01-01,519,2018,1,January,1,0,Monday,1
2018-01-02,520,2018,1,January,2,1,Tuesday,1
2018-01-05,521,2018,1,January,5,4,Friday,1
2018-01-06,522,2018,1,January,6,5,Saturday,1
2018-01-08,523,2018,1,January,8,0,Monday,1
2018-01-09,524,2018,1,January,9,1,Tuesday,1
2018-01-10,525,2018,1,January,10,2,Wednesday,1
2018-01-11,526,2018,1,January,11,3,Thursday,1
2018-01-12,527,2018,1,January,12,4,Friday,1
2018-01-15,528,2018,1,January,15,0,Monday,1
2018-01-16,529,2018,1,January,16,1,Tuesday,1
2018-01-17,530,2018,1,January,17,2,Wednesday,1
2018-01-18,531,2018,1,January,18,3,Thursday,1
2018-01-19,532,2018,1,January,19,4,Friday,1
2018-01-20,533,2018,1,January,20,5,Saturday,1
2018-01-22,534,2018,1,January,22,0,Monday,1
2018-01-23,535,2018,1,January,23,1,Tuesday,1
2018-01-24,536,2018,1,January,24,2,Wednesday,1
2018-01-25,537,2018,1,January,25,3,Thursday,1
2018-01-26,538,2018,1,January,26,4,Friday,1
2018-01-28,539,2018,1,January,28,6,Sunday,1
2018-01-29,540,2018,1,January,29,0,Monday,1
2018-01-30,541,2018,1,January,30,1,Tuesday,1
2018-01-31,542,2018,1,January,31,2,Wednesday,1
2018-02-01,543,2018,2,February,1,3,Thursday,1
2018-02-02,544,2018,2,February,2,4,Friday,1
2018-02-04,545,2018,2,February,4,6,Sunday,1
2018-02-05,546,2018,2,February,5,0,Monday,1
2018-02-06,547,2018,2,February,6,1,Tuesday,1
2018-02-08,548,2018,2,February,8,3,Thursday,1
2018-02-09,549,2018,2,February,9,4,Friday,1
2018-02-13,550,2018,2,February,13,1,Tuesday,1
2018-02-14,551,2018,2,February,14,2,Wednesday,1
2018-02-15,552,2018,2,February,15,3,Thursday,1
2018-02-16,553,2018,2,February,16,4,Friday,1
2018-02-17,554,2018,2,February,17,5,Saturday,1
2018-02-19,555,2018,2,February,19,0,Monday,1
2018-02-20,556,2018,2,February,20,1,Tuesday,1
2018-02-21,557,2018,2,February,21,2,Wednesday,1
2018-02-22,558,2018,2,February,22,3,Thursday,1
2018-02-23,559,2018,2,February,23,4,Friday,1
2018-02-24,560,2018,2,February,24,5,Saturday,1
2018-02-25,561,2018,2,February,25,6,Sunday,1
2018-02-26,562,2018,2,February,26,0,Monday,1
2018-02-27,563,2018,2,February,27,1,Tuesday,1
2018-02-28,564,2018,2,February,28,2,Wednesday,1
2018-03-01,565,2018,3,March,1,3,Thursday,1
2018-03-02,566,2018,3,March,2,4,Friday,1
2018-03-04,567,2018,3,March,4,6,Sunday,1
2018-03-05,568,2018,3,March,5,0,Monday,1
2018-03-06,569,2018,3,March,6,1,Tuesday,1
2018-03-07,570,2018,3,March,7,2,Wednesday,1
2018-03-08,571,2018,3,March,8,3,Thursday,1
2018-03-09,572,2018,3,March,9,4,Friday,1
2018-03-10,573,2018,3,March,10,5,Saturday,1
2018-03-11,574,2018,3,March,11,6,Sunday,1
2018-03-12,575,2018,3,March,12,0,Monday,1
2018-03-13,576,2018,3,March,13,1,Tuesday,1
2018-03-14,577,2018,3,March,14,2,Wednesday,1
2018-03-15,578,2018,3,March,15,3,Thursday,1
2018-03-16,579,2018,3,March,16,4,Friday,1
2018-03-19,580,2018,3,March,19,0,Monday,1
2018-03-20,581,2018,3,March,20,1,Tuesday,1
2018-03-21,582,2018,3,March,21,2,Wednesday,1
2018-03-23,583,2018,3,March,23,4,Friday,1
2018-03-24,584,2018,3,March,24,5,Saturday,1
2018-03-26,585,2018,3,March,26,0,Monday,1
2018-03-27,586,2018,3,March,27,1,Tuesday,1
2018-03-28,587,2018,3,March,28,2,Wednesday,1
2018-03-29,588,2018,3,March,29,3,Thursday,1
2018-03-30,589,2018,3,March,30,4,Friday,1
2018-03-31,590,2018,3,March,31,5,Saturday,1
2018-04-01,591,2018,4,April,1,6,Sunday,2
2018-04-02,592,2018,4,April,2,0,Monday,2
2018-04-03,593,2018,4,April,3,1,Tuesday,2
2018-04-04,594,2018,4,April,4,2,Wednesday,2
2018-04-05,595,2018,4,April,5,3,Thursday,2
2018-04-06,596,2018,4,April,6,4,Friday,2
2018-04-07,597,2018,4,April,7,5,Saturday,2
2018-04-09,598,2018,4,April,9,0,Monday,2
2018-04-10,599,2018,4,April,10,1,Tuesday,2
2018-04-12,600,2018,4,April,12,3,Thursday,2
2018-04-13,601,2018,4,April,13,4,Friday,2
2018-04-14,602,2018,4,April,14,5,Saturday,2
2018-04-15,603,2018,4,April,15,6,Sunday,2
2018-04-16,604,2018,4,April,16,0,Monday,2
2018-04-17,605,2018,4,April,17,1,Tuesday,2
2018-04-18,606,2018,4,April,18,2,Wednesday,2
2018-04-19,607,2018,4,April,19,3,Thursday,2
2018-04-20,608,2018,4,April,20,4,Friday,2
2018-04-24,609,2018,4,April,24,1,Tuesday,2
2018-04-25,610,2018,4,April,25,2,Wednesday,2
2018-04-26,611,2018,4,April,26,3,Thursday,2
2018-04-27,612,2018,4,April,27,4,Friday,2
2018-04-30,613,2018,4,April,30,0,Monday,2
2018-05-01,614,2018,5,May,1,1,Tuesday,2
2018-05-02,615,2018,5,May,2,2,Wednesday,2
2018-05-03,616,2018,5,May,3,3,Thursday,2
2018-05-04,617,2018,5,May,4,4,Friday,2
2018-05-05,618,2018,5,May,5,5,Saturday,2
2018-05-07,619,2018,5,May,7,0,Monday,2
2018-05-08,620,2018,5,May,8,1,Tuesday,2
2018-05-11,621,2018,5,May,11,4,Friday,2
2018-05-12,622,2018,5,May,12,5,Saturday,2
2018-05-13,623,2018,5,May,13,6,Sunday,2
2018-05-15,624,2018,5,May,15,1,Tuesday,2
2018-05-16,625,2018,5,May,16,2,Wednesday,2
2018-05-17,626,2018,5,May,17,3,Thursday,2
2018-05-18,627,2018,5,May,18,4,Friday,2
2018-05-19,628,2018,5,May,19,5,Saturday,2
2018-05-22,629,2018,5,May,22,1,Tuesday,2
2018-05-24,630,2018,5,May,24,3,Thursday,2
2018-05-25,631,2018,5,May,25,4,Friday,2
2018-05-26,632,2018,5,May,26,5,Saturday,2
2018-05-27,633,2018,5,May,27,6,Sunday,2
2018-05-29,634,2018,5,May,29,1,Tuesday,2
2018-05-30,635,2018,5,May,30,2,Wednesday,2
2018-05-31,636,2018,5,May,31,3,Thursday,2
2018-06-01,637,2018,6,June,1,4,Friday,2
2018-06-02,638,2018,6,June,2,5,Saturday,2
2018-06-04,639,2018,6,June,4,0,Monday,2
2018-06-05,640,2018,6,June,5,1,Tuesday,2
2018-06-07,641,2018,6,June,7,3,Thursday,2
2018-06-08,642,2018,6,June,8,4,Friday,2
2018-06-12,643,2018,6,June,12,1,Tuesday,2
2018-06-14,644,2018,6,June,14,3,Thursday,2
2018-06-15,645,2018,6,June,15,4,Friday,2
2018-06-18,646,2018,6,June,18,0,Monday,2
2018-06-19,647,2018,6,June,19,1,Tuesday,2
2018-06-20,648,2018,6,June,20,2,Wednesday,2
2018-06-22,649,2018,6,June,22,4,Friday,2
2018-06-23,650,2018,6,June,23,5,Saturday,2
2018-06-24,651,2018,6,June,24,6,Sunday,2
2018-06-25,652,2018,6,June,25,0,Monday,2
2018-06-26,653,2018,6,June,26,1,Tuesday,2
2018-06-27,654,2018,6,June,27,2,Wednesday,2
2018-06-28,655,2018,6,June,28,3,Thursday,2
2018-06-29,656,2018,6,June,29,4,Friday,2
2018-06-30,657,2018,6,June,30,5,Saturday,2
2018-07-01,658,2018,7,July,1,6,Sunday,3
2018-07-02,659,2018,7,July,2,0,Monday,3
2018-07-03,660,2018,7,July,3,1,Tuesday,3
2018-07-04,661,2018,7,July,4,2,Wednesday,3
2018-07-05,662,2018,7,July,5,3,Thursday,3
2018-07-06,663,2018,7,July,6,4,Friday,3
2018-07-08,664,2018,7,July,8,6,Sunday,3
2018-07-10,665,2018,7,July,10,1,Tuesday,3
2018-07-11,666,2018,7,July,11,2,Wednesday,3
2018-07-13,667,2018,7,July,13,4,Friday,3
2018-07-14,668,2018,7,July,14,5,Saturday,3
2018-07-15,669,2018,7,July,15,6,Sunday,3
2018-07-17,670,2018,7,July,17,1,Tuesday,3
2018-07-18,671,2018,7,July,18,2,Wednesday,3
2018-07-19,672,2018,7,July,19,3,Thursday,3
2018-07-20,673,2018,7,July,20,4,Friday,3
2018-07-21,674,2018,7,July,21,5,Saturday,3
2018-07-22,675,2018,7,July,22,6,Sunday,3
2018-07-23,676,2018,7,July,23,0,Monday,3
2018-07-24,677,2018,7,July,24,1,Tuesday,3
2018-07-25,678,2018,7,July,25,2,Wednesday,3
2018-07-26,679,2018,7,July,26,3,Thursday,3
2018-07-27,680,2018,7,July,27,4,Friday,3
2018-07-28,681,2018,7,July,28,5,Saturday,3
2018-07-29,682,2018,7,July,29,6,Sunday,3
2018-07-30,683,2018,7,July,30,0,Monday,3
2018-07-31,684,2018,7,July,31,1,Tuesday,3
2018-08-01,685,2018,8,August,1,2,Wednesday,3
2018-08-02,686,2018,8,August,2,3,Thursday,3
2018-08-03,687,2018,8,August,3,4,Friday,3
2018-08-04,688,2018,8,August,4,5,Saturday,3
2018-08-05,689,2018,8,August,5,6,Sunday,3
2018-08-08,690,2018,8,August,8,2,Wednesday,3
2018-08-09,691,2018,8,August,9,3,Thursday,3
2018-08-10,692,2018,8,August,10,4,Friday,3
2018-08-13,693,2018,8,August,13,0,Monday,3
2018-08-15,694,2018,8,August,15,2,Wednesday,3
2018-08-16,695,2018,8,August,16,3,Thursday,3
2018-08-17,696,2018,8,August,17,4,Friday,3
2018-08-18,697,2018,8,August,18,5,Saturday,3
2018-08-19,698,2018,8,August,19,6,Sunday,3
2018-08-20,699,2018,8,August,20,0,Monday,3
2018-08-21,700,2018,8,August,21,1,Tuesday,3
2018-08-23,701,2018,8,August,23,3,Thursday,3
2018-08-24,702,2018,8,August,24,4,Friday,3
2018-08-25,703,2018,8,August,25,5,Saturday,3
2018-08-26,704,2018,8,August,26,6,Sunday,3
2018-08-27,705,2018,8,August,27,0,Monday,3
2018-08-28,706,2018,8,August,28,1,Tuesday,3
2018-08-29,707,2018,8,August,29,2,Wednesday,3
2018-08-30,708,2018,8,August,30,3,Thursday,3
2018-08-31,709,2018,8,August,31,4,Friday,3
2018-09-01,710,2018,9,September,1,5,Saturday,3
2018-09-02,711,2018,9,September,2,6,Sunday,3
2018-09-03,712,2018,9,September,3,0,Monday,3
2018-09-04,713,2018,9,September,4,1,Tuesday,3
2018-09-05,714,2018,9,September,5,2,Wednesday,3
2018-09-06,715,2018,9,September,6,3,Thursday,3
2018-09-07,716,2018,9,September,7,4,Friday,3
2018-09-08,717,2018,9,September,8,5,Saturday,3
2018-09-09,718,2018,9,September,9,6,Sunday,3
2018-09-11,719,2018,9,September,11,1,Tuesday,3
2018-09-12,720,2018,9,September,12,2,Wednesday,3
2018-09-13,721,2018,9,September,13,3,Thursday,3
2018-09-14,722,2018,9,September,14,4,Friday,3
2018-09-15,723,2018,9,September,15,5,Saturday,3
2018-09-16,724,2018,9,September,16,6,Sunday,3
2018-09-17,725,2018,9,September,17,0,Monday,3
2018-09-18,726,2018,9,September,18,1,Tuesday,3
2018-09-19,727,2018,9,September,19,2,Wednesday,3
2018-09-20,728,2018,9,September,20,3,Thursday,3
2018-09-21,729,2018,9,September,21,4,Friday,3
2018-09-22,730,2018,9,September,22,5,Saturday,3
2018-09-24,731,2018,9,September,24,0,Monday,3
2018-09-25,732,2018,9,September,25,1,Tuesday,3
2018-09-26,733,2018,9,September,26,2,Wednesday,3
2018-09-27,734,2018,9,September,27,3,Thursday,3
2018-09-28,735,2018,9,September,28,4,Friday,3
2018-09-29,736,2018,9,September,29,5,Saturday,3
2018-09-30,737,2018,9,September,30,6,Sunday,3
2018-10-01,738,2018,10,October,1,0,Monday,4
2018-10-02,739,2018,10,October,2,1,Tuesday,4
2018-10-03,740,2018,10,October,3,2,Wednesday,4
2018-10-04,741,2018,10,October,4,3,Thursday,4
2018-10-05,742,2018,10,October,5,4,Friday,4
2018-10-06,743,2018,10,October,6,5,Saturday,4
2018-10-08,744,2018,10,October,8,0,Monday,4
2018-10-09,745,2018,10,October,9,1,Tuesday,4
2018-10-10,746,2018,10,October,10,2,Wednesday,4
2018-10-11,747,2018,10,October,11,3,Thursday,4
2018-10-12,748,2018,10,October,12,4,Friday,4
2018-10-13,749,2018,10,October,13,5,Saturday,4
2018-10-15,750,2018,10,October,15,0,Monday,4
2018-10-16,751,2018,10,October,16,1,Tuesday,4
2018-10-17,752,2018,10,October,17,2,Wednesday,4
2018-10-18,753,2018,10,October,18,3,Thursday,4
2018-10-19,754,2018,10,October,19,4,Friday,4
2018-10-20,755,2018,10,October,20,5,Saturday,4
2018-10-21,756,2018,10,October,21,6,Sunday,4
2018-10-22,757,2018,10,October,22,0,Monday,4
2018-10-23,758,2018,10,October,23,1,Tuesday,4
2018-10-24,759,2018,10,October,24,2,Wednesday,4
2018-10-25,760,2018,10,October,25,3,Thursday,4
2018-10-26,761,2018,10,October,26,4,Friday,4
2018-10-27,762,2018,10,October,27,5,Saturday,4
2018-10-28,763,2018,10,October,28,6,Sunday,4
2018-10-29,764,2018,10,October,29,0,Monday,4
2018-10-30,765,2018,10,October,30,1,Tuesday,4
2018-10-31,766,2018,10,October,31,2,Wednesday,4
2018-11-01,767,2018,11,November,1,3,Thursday,4
2018-11-02,768,2018,11,November,2,4,Friday,4
2018-11-03,769,2018,11,November,3,5,Saturday,4
2018-11-05,770,2018,11,November,5,0,Monday,4
2018-11-07,771,2018,11,November,7,2,Wednesday,4
2018-11-08,772,2018,11,November,8,3,Thursday,4
2018-11-09,773,2018,11,November,9,4,Friday,4
2018-11-10,774,2018,11,November,10,5,Saturday,4
2018-11-12,775,2018,11,November,12,0,Monday,4
2018-11-13,776,2018,11,November,13,1,Tuesday,4
2018-11-15,777,2018,11,November,15,3,Thursday,4
2018-11-16,778,2018,11,November,16,4,Friday,4
2018-11-17,779,2018,11,November,17,5,Saturday,4
2018-11-18,780,2018,11,November,18,6,Sunday,4
2018-11-20,781,2018,11,November,20,1,Tuesday,4
2018-11-21,782,2018,11,November,21,2,Wednesday,4
2018-11-22,783,2018,11,November,22,3,Thursday,4
2018-11-23,784,2018,11,November,23,4,Friday,4
2018-11-25,785,2018,11,November,25,6,Sunday,4
2018-11-27,786,2018,11,November,27,1,Tuesday,4
2018-11-28,787,2018,11,November,28,2,Wednesday,4
2018-11-30,788,2018,11,November,30,4,Friday,4
2018-12-01,789,2018,12,December,1,5,Saturday,4
2018-12-02,790,2018,12,December,2,6,Sunday,4
2018-12-03,791,2018,12,December,3,0,Monday,4
2018-12-04,792,2018,12,December,4,1,Tuesday,4
2018-12-05,793,2018,12,December,5,2,Wednesday,4
2018-12-06,794,2018,12,December,6,3,Thursday,4
2018-12-07,795,2018,12,December,7,4,Friday,4
2018-12-08,796,2018,12,December,8,5,Saturday,4
2018-12-09,797,2018,12,December,9,6,Sunday,4
2018-12-10,798,2018,12,December,10,0,Monday,4
2018-12-11,799,2018,12,December,11,1,Tuesday,4
2018-12-12,800,2018,12,December,12,2,Wednesday,4
2018-12-14,801,2018,12,December,14,4,Friday,4
2018-12-15,802,2018,12,December,15,5,Saturday,4
2018-12-16,803,2018,12,December,16,6,Sunday,4
2018-12-17,804,2018,12,December,17,0,Monday,4
2018-12-18,805,2018,12,December,18,1,Tuesday,4
2018-12-19,806,2018,12,December,19,2,Wednesday,4
2018-12-20,807,2018,12,December,20,3,Thursday,4
2018-12-21,808,2018,12,December,21,4,Friday,4
2018-12-22,809,2018,12,December,22,5,Saturday,4
2018-12-23,810,2018,12,December,23,6,Sunday,4
2018-12-24,811,2018,12,December,24,0,Monday,4
2018-12-25,812,2018,12,December,25,1,Tuesday,4
2018-12-26,813,2018,12,December,26,2,Wednesday,4
2018-12-27,814,2018,12,December,27,3,Thursday,4
2018-12-28,815,2018,12,December,28,4,Friday,4
2018-12-29,816,2018,12,December,29,5,Saturday,4
2018-12-30,817,2018,12,December,30,6,Sunday,4
2018-12-31,818,2018,12,December,31,0,Monday,4
2019-01-01,819,2019,1,January,1,1,Tuesday,1
2019-01-02,820,2019,1,January,2,2,Wednesday,1
2019-01-03,821,2019,1,January,3,3,Thursday,1
2019-01-04,822,2019,1,January,4,4,Friday,1
2019-01-05,823,2019,1,January,5,5,Saturday,1
2019-01-07,824,2019,1,January,7,0,Monday,1
2019-01-08,825,2019,1,January,8,1,Tuesday,1
2019-01-09,826,2019,1,January,9,2,Wednesday,1
2019-01-10,827,2019,1,January,10,3,Thursday,1
2019-01-11,828,2019,1,January,11,4,Friday,1
2019-01-12,829,2019,1,January,12,5,Saturday,1
2019-01-13,830,2019,1,January,13,6,Sunday,1
2019-01-14,831,2019,1,January,14,0,Monday,1
2019-01-15,832,2019,1,January,15,1,Tuesday,1
2019-01-16,833,2019,1,January,16,2,Wednesday,1
2019-01-18,834,2019,1,January,18,4,Friday,1
2019-01-19,835,2019,1,January,19,5,Saturday,1
2019-01-23,836,2019,1,January,23,2,Wednesday,1
2019-01-24,837,2019,1,January,24,3,Thursday,1
2019-01-25,838,2019,1,January,25,4,Friday,1
2019-01-26,839,2019,1,January,26,5,Saturday,1
2019-01-27,840,2019,1,January,27,6,Sunday,1
2019-01-28,841,2019,1,January,28,0,Monday,1
2019-01-29,842,2019,1,January,29,1,Tuesday,1
2019-01-30,843,2019,1,January,30,2,Wednesday,1
2019-01-31,844,2019,1,January,31,3,Thursday,1
2019-02-01,845,2019,2,February,1,4,Friday,1
2019-02-02,846,2019,2,February,2,5,Saturday,1
2019-02-03,847,2019,2,February,3,6,Sunday,1
2019-02-05,848,2019,2,February,5,1,Tuesday,1
2019-02-06,849,2019,2,February,6,2,Wednesday,1
2019-02-07,850,2019,2,February,7,3,Thursday,1
2019-02-08,851,2019,2,February,8,4,Friday,1
2019-02-09,852,2019,2,February,9,5,Saturday,1
2019-02-11,853,2019,2,February,11,0,Monday,1
2019-02-12,854,2019,2,February,12,1,Tuesday,1
2019-02-13,855,2019,2,February,13,2,Wednesday,1
2019-02-14,856,2019,2,February,14,3,Thursday,1
2019-02-15,857,2019,2,February,15,4,Friday,1
2019-02-16,858,2019,2,February,16,5,Saturday,1
2019-02-17,859,2019,2,February,17,6,Sunday,1
2019-02-19,860,2019,2,February,19,1,Tuesday,1
2019-02-20,861,2019,2,February,20,2,Wednesday,1
2019-02-21,862,2019,2,February,21,3,Thursday,1
2019-02-22,863,2019,2,February,22,4,Friday,1
2019-02-23,864,2019,2,February,23,5,Saturday,1
2019-02-24,865,2019,2,February,24,6,Sunday,1
2019-02-25,866,2019,2,February,25,0,Monday,1
2019-02-26,867,2019,2,February,26,1,Tuesday,1
2019-02-27,868,2019,2,February,27,2,Wednesday,1
2019-02-28,869,2019,2,February,28,3,Thursday,1
2019-03-01,870,2019,3,March,1,4,Friday,1
2019-03-02,871,2019,3,March,2,5,Saturday,1
2019-03-03,872,2019,3,March,3,6,Sunday,1
2019-03-04,873,2019,3,March,4,0,Monday,1
2019-03-05,874,2019,3,March,5,1,Tuesday,1
2019-03-06,875,2019,3,March,6,2,Wednesday,1
2019-03-07,876,2019,3,March,7,3,Thursday,1
2019-03-08,877,2019,3,March,8,4,Friday,1
2019-03-09,878,2019,3,March,9,5,Saturday,1
2019-03-10,879,2019,3,March,10,6,Sunday,1
2019-03-11,880,2019,3,March,11,0,Monday,1
2019-03-12,881,2019,3,March,12,1,Tuesday,1
2019-03-13,882,2019,3,March,13,2,Wednesday,1
2019-03-14,883,2019,3,March,14,3,Thursday,1
2019-03-15,884,2019,3,March,15,4,Friday,1
2019-03-16,885,2019,3,March,16,5,Saturday,1
2019-03-17,886,2019,3,March,17,6,Sunday,1
2019-03-18,887,2019,3,March,18,0,Monday,1
2019-03-19,888,2019,3,March,19,1,Tuesday,1
2019-03-20,889,2019,3,March,20,2,Wednesday,1
2019-03-21,890,2019,3,March,21,3,Thursday,1
2019-03-22,891,2019,3,March,22,4,Friday,1
2019-03-23,892,2019,3,March,23,5,Saturday,1
2019-03-24,893,2019,3,March,24,6,Sunday,1
2019-03-25,894,2019,3,March,25,0,Monday,1
2019-03-26,895,2019,3,March,26,1,Tuesday,1
2019-03-27,896,2019,3,March,27,2,Wednesday,1
2019-03-28,897,2019,3,March,28,3,Thursday,1
2019-03-29,898,2019,3,March,29,4,Friday,1
2019-03-30,899,2019,3,March,30,5,Saturday,1
2019-03-31,900,2019,3,March,31,6,Sunday,1
2019-04-01,901,2019,4,April,1,0,Monday,2
2019-04-02,902,2019,4,April,2,1,Tuesday,2
2019-04-03,903,2019,4,April,3,2,Wednesday,2
2019-04-04,904,2019,4,April,4,3,Thursday,2
2019-04-05,905,2019,4,April,5,4,Friday,2
2019-04-06,906,2019,4,April,6,5,Saturday,2
2019-04-07,907,2019,4,April,7,6,Sunday,2
2019-04-08,908,2019,4,April,8,0,Monday,2
2019-04-09,909,2019,4,April,9,1,Tuesday,2
2019-04-10,910,2019,4,April,10,2,Wednesday,2
2019-04-11,911,2019,4,April,11,3,Thursday,2
2019-04-12,912,2019,4,April,12,4,Friday,2
2019-04-13,913,2019,4,April,13,5,Saturday,2
2019-04-14,914,2019,4,April,14,6,Sunday,2
2019-04-15,915,2019,4,April,15,0,Monday,2
2019-04-16,916,2019,4,April,16,1,Tuesday,2
2019-04-17,917,2019,4,April,17,2,Wednesday,2
2019-04-18,918,2019,4,April,18,3,Thursday,2
2019-04-19,919,2019,4,April,19,4,Friday,2
2019-04-20,920,2019,4,April,20,5,Saturday,2
2019-04-21,921,2019,4,April,21,6,Sunday,2
2019-04-22,922,2019,4,April,22,0,Monday,2
2019-04-23,923,2019,4,April,23,1,Tuesday,2
2019-04-24,924,2019,4,April,24,2,Wednesday,2
2019-04-25,925,2019,4,April,25,3,Thursday,2
2019-04-26,926,2019,4,April,26,4,Friday,2
2019-04-27,927,2019,4,April,27,5,Saturday,2
2019-04-28,928,2019,4,April,28,6,Sunday,2
2019-04-29,929,2019,4,April,29,0,Monday,2
2019-04-30,930,2019,4,April,30,1,Tuesday,2
2019-05-01,931,2019,5,May,1,2,Wednesday,2
2019-05-02,932,2019,5,May,2,3,Thursday,2
2019-05-03,933,2019,5,May,3,4,Friday,2
2019-05-05,934,2019,5,May,5,6,Sunday,2
2019-05-06,935,2019,5,May,6,0,Monday,2
2019-05-07,936,2019,5,May,7,1,Tuesday,2
2019-05-08,937,2019,5,May,8,2,Wednesday,2
2019-05-09,938,2019,5,May,9,3,Thursday,2
2019-05-10,939,2019,5,May,10,4,Friday,2
2019-05-11,940,2019,5,May,11,5,Saturday,2
2019-05-12,941,2019,5,May,12,6,Sunday,2
2019-05-13,942,2019,5,May,13,0,Monday,2
2019-05-14,943,2019,5,May,14,1,Tuesday,2
2019-05-15,944,2019,5,May,15,2,Wednesday,2
2019-05-16,945,2019,5,May,16,3,Thursday,2
2019-05-17,946,2019,5,May,17,4,Friday,2
2019-05-18,947,2019,5,May,18,5,Saturday,2
2019-05-19,948,2019,5,May,19,6,Sunday,2
2019-05-20,949,2019,5,May,20,0,Monday,2
2019-05-21,950,2019,5,May,21,1,Tuesday,2
2019-05-22,951,2019,5,May,22,2,Wednesday,2
2019-05-23,952,2019,5,May,23,3,Thursday,2
2019-05-24,953,2019,5,May,24,4,Friday,2
2019-05-25,954,2019,5,May,25,5,Saturday,2
2019-05-26,955,2019,5,May,26,6,Sunday,2
2019-05-27,956,2019,5,May,27,0,Monday,2
2019-05-28,957,2019,5,May,28,1,Tuesday,2
2019-05-30,958,2019,5,May,30,3,Thursday,2
2019-05-31,959,2019,5,May,31,4,Friday,2
2019-06-01,960,2019,6,June,1,5,Saturday,2
2019-06-02,961,2019,6,June,2,6,Sunday,2
2019-06-03,962,2019,6,June,3,0,Monday,2
2019-06-04,963,2019,6,June,4,1,Tuesday,2
2019-06-05,964,2019,6,June,5,2,Wednesday,2
2019-06-06,965,2019,6,June,6,3,Thursday,2
2019-06-07,966,2019,6,June,7,4,Friday,2
2019-06-08,967,2019,6,June,8,5,Saturday,2
2019-06-10,968,2019,6,June,10,0,Monday,2
2019-06-11,969,2019,6,June,11,1,Tuesday,2
2019-06-12,970,2019,6,June,12,2,Wednesday,2
2019-06-13,971,2019,6,June,13,3,Thursday,2
2019-06-14,972,2019,6,June,14,4,Friday,2
2019-06-15,973,2019,6,June,15,5,Saturday,2
2019-06-16,974,2019,6,June,16,6,Sunday,2
2019-06-18,975,2019,6,June,18,1,Tuesday,2
2019-06-19,976,2019,6,June,19,2,Wednesday,2
2019-06-20,977,2019,6,June,20,3,Thursday,2
2019-06-21,978,2019,6,June,21,4,Friday,2
2019-06-22,979,2019,6,June,22,5,Saturday,2
2019-06-23,980,2019,6,June,23,6,Sunday,2
2019-06-24,981,2019,6,June,24,0,Monday,2
2019-06-25,982,2019,6,June,25,1,Tuesday,2
2019-06-26,983,2019,6,June,26,2,Wednesday,2
2019-06-27,984,2019,6,June,27,3,Thursday,2
2019-06-28,985,2019,6,June,28,4,Friday,2
2019-06-29,986,2019,6,June,29,5,Saturday,2
2019-06-30,987,2019,6,June,30,6,Sunday,2
2019-07-01,988,2019,7,July,1,0,Monday,3
2019-07-02,989,2019,7,July,2,1,Tuesday,3
2019-07-03,990,2019,7,July,3,2,Wednesday,3
2019-07-04,991,2019,7,July,4,3,Thursday,3
2019-07-05,992,2019,7,July,5,4,Friday,3
2019-07-06,993,2019,7,July,6,5,Saturday,3
2019-07-07,994,2019,7,July,7,6,Sunday,3
2019-07-08,995,2019,7,July,8,0,Monday,3
2019-07-09,996,2019,7,July,9,1,Tuesday,3
2019-07-11,997,2019,7,July,11,3,Thursday,3
2019-07-12,998,2019,7,July,12,4,Friday,3
2019-07-13,999,2019,7,July,13,5,Saturday,3
2019-07-15,1000,2019,7,July,15,0,Monday,3
2019-07-16,1001,2019,7,July,16,1,Tuesday,3
2019-07-17,1002,2019,7,July,17,2,Wednesday,3
2019-07-18,1003,2019,7,July,18,3,Thursday,3
2019-07-19,1004,2019,7,July,19,4,Friday,3
2019-07-20,1005,2019,7,July,20,5,Saturday,3
2019-07-21,1006,2019,7,July,21,6,Sunday,3
2019-07-22,1007,2019,7,July,22,0,Monday,3
2019-07-23,1008,2019,7,July,23,1,Tuesday,3
2019-07-24,1009,2019,7,July,24,2,Wednesday,3
2019-07-25,1010,2019,7,July,25,3,Thursday,3
2019-07-26,1011,2019,7,July,26,4,Friday,3
2019-07-29,1012,2019,7,July,29,0,Monday,3
2019-07-30,1013,2019,7,July,30,1,Tuesday,3
2019-07-31,1014,2019,7,July,31,2,Wednesday,3
2019-08-01,1015,2019,8,August,1,3,Thursday,3
2019-08-02,1016,2019,8,August,2,4,Friday,3
2019-08-03,1017,2019,8,August,3,5,Saturday,3
2019-08-05,1018,2019,8,August,5,0,Monday,3
2019-08-06,1019,2019,8,August,6,1,Tuesday,3
2019-08-07,1020,2019,8,August,7,2,Wednesday,3
2019-08-08,1021,2019,8,August,8,3,Thursday,3
2019-08-09,1022,2019,8,August,9,4,Friday,3
2019-08-12,1023,2019,8,August,12,0,Monday,3
2019-08-13,1024,2019,8,August,13,1,Tuesday,3
2019-08-14,1025,2019,8,August,14,2,Wednesday,3
2019-08-15,1026,2019,8,August,15,3,Thursday,3
2019-08-16,1027,2019,8,August,16,4,Friday,3
2019-08-20,1028,2019,8,August,20,1,Tuesday,3
2019-08-21,1029,2019,8,August,21,2,Wednesday,3
2019-08-23,1030,2019,8,August,23,4,Friday,3
2019-08-24,1031,2019,8,August,24,5,Saturday,3
2019-08-25,1032,2019,8,August,25,6,Sunday,3
2019-08-26,1033,2019,8,August,26,0,Monday,3
2019-08-27,1034,2019,8,August,27,1,Tuesday,3
2019-08-28,1035,2019,8,August,28,2,Wednesday,3
2019-08-29,1036,2019,8,August,29,3,Thursday,3
2019-08-30,1037,2019,8,August,30,4,Friday,3
2019-08-31,1038,2019,8,August,31,5,Saturday,3
2019-09-01,1039,2019,9,September,1,6,Sunday,3
2019-09-04,1040,2019,9,September,4,2,Wednesday,3
2019-09-05,1041,2019,9,September,5,3,Thursday,3
2019-09-06,1042,2019,9,September,6,4,Friday,3
2019-09-09,1043,2019,9,September,9,0,Monday,3
2019-09-10,1044,2019,9,September,10,1,Tuesday,3
2019-09-11,1045,2019,9,September,11,2,Wednesday,3
2019-09-12,1046,2019,9,September,12,3,Thursday,3
2019-09-13,1047,2019,9,September,13,4,Friday,3
2019-09-14,1048,2019,9,September,14,5,Saturday,3
2019-09-15,1049,2019,9,September,15,6,Sunday,3
2019-09-16,1050,2019,9,September,16,0,Monday,3
2019-09-17,1051,2019,9,September,17,1,Tuesday,3
2019-09-18,1052,2019,9,September,18,2,Wednesday,3
2019-09-19,1053,2019,9,September,19,3,Thursday,3
2019-09-20,1054,2019,9,September,20,4,Friday,3
2019-09-21,1055,2019,9,September,21,5,Saturday,3
2019-09-22,1056,2019,9,September,22,6,Sunday,3
2019-09-23,1057,2019,9,September,23,0,Monday,3
2019-09-24,1058,2019,9,September,24,1,Tuesday,3
2019-09-25,1059,2019,9,September,25,2,Wednesday,3
2019-09-26,1060,2019,9,September,26,3,Thursday,3
2019-09-27,1061,2019,9,September,27,4,Friday,3
2019-09-28,1062,2019,9,September,28,5,Saturday,3
2019-09-30,1063,2019,9,September,30,0,Monday,3
2019-10-01,1064,2019,10,October,1,1,Tuesday,4
2019-10-02,1065,2019,10,October,2,2,Wednesday,4
2019-10-03,1066,2019,10,October,3,3,Thursday,4
2019-10-04,1067,2019,10,October,4,4,Friday,4
2019-10-05,1068,2019,10,October,5,5,Saturday,4
2019-10-06,1069,2019,10,October,6,6,Sunday,4
2019-10-07,1070,2019,10,October,7,0,Monday,4
2019-10-08,1071,2019,10,October,8,1,Tuesday,4
2019-10-09,1072,2019,10,October,9,2,Wednesday,4
2019-10-10,1073,2019,10,October,10,3,Thursday,4
2019-10-11,1074,2019,10,October,11,4,Friday,4
2019-10-13,1075,2019,10,October,13,6,Sunday,4
2019-10-14,1076,2019,10,October,14,0,Monday,4
2019-10-15,1077,2019,10,October,15,1,Tuesday,4
2019-10-16,1078,2019,10,October,16,2,Wednesday,4
2019-10-17,1079,2019,10,October,17,3,Thursday,4
2019-10-18,1080,2019,10,October,18,4,Friday,4
2019-10-19,1081,2019,10,October,19,5,Saturday,4
2019-10-21,1082,2019,10,October,21,0,Monday,4
2019-10-22,1083,2019,10,October,22,1,Tuesday,4
2019-10-23,1084,2019,10,October,23,2,Wednesday,4
2019-10-24,1085,2019,10,October,24,3,Thursday,4
2019-10-25,1086,2019,10,October,25,4,Friday,4
2019-10-26,1087,2019,10,October,26,5,Saturday,4
2019-10-27,1088,2019,10,October,27,6,Sunday,4
2019-10-28,1089,2019,10,October,28,0,Monday,4
2019-10-29,1090,2019,10,October,29,1,Tuesday,4
2019-10-30,1091,2019,10,October,30,2,Wednesday,4
2019-10-31,1092,2019,10,October,31,3,Thursday,4
2019-11-01,1093,2019,11,November,1,4,Friday,4
2019-11-02,1094,2019,11,November,2,5,Saturday,4
2019-11-04,1095,2019,11,November,4,0,Monday,4
2019-11-05,1096,2019,11,November,5,1,Tuesday,4
2019-11-06,1097,2019,11,November,6,2,Wednesday,4
2019-11-07,1098,2019,11,November,7,3,Thursday,4
2019-11-08,1099,2019,11,November,8,4,Friday,4
2019-11-09,1100,2019,11,November,9,5,Saturday,4
2019-11-11,1101,2019,11,November,11,0,Monday,4
2019-11-12,1102,2019,11,November,12,1,Tuesday,4
2019-11-13,1103,2019,11,November,13,2,Wednesday,4
2019-11-14,1104,2019,11,November,14,3,Thursday,4
2019-11-15,1105,2019,11,November,15,4,Friday,4
2019-11-16,1106,2019,11,November,16,5,Saturday,4
2019-11-17,1107,2019,11,November,17,6,Sunday,4
2019-11-19,1108,2019,11,November,19,1,Tuesday,4
2019-11-20,1109,2019,11,November,20,2,Wednesday,4
2019-11-21,1110,2019,11,November,21,3,Thursday,4
2019-11-22,1111,2019,11,November,22,4,Friday,4
2019-11-23,1112,2019,11,November,23,5,Saturday,4
2019-11-24,1113,2019,11,November,24,6,Sunday,4
2019-11-25,1114,2019,11,November,25,0,Monday,4
2019-11-26,1115,2019,11,November,26,1,Tuesday,4
2019-11-27,1116,2019,11,November,27,2,Wednesday,4
2019-11-28,1117,2019,11,November,28,3,Thursday,4
2019-11-29,1118,2019,11,November,29,4,Friday,4
2019-11-30,1119,2019,11,November,30,5,Saturday,4
2019-12-01,1120,2019,12,December,1,6,Sunday,4
2019-12-02,1121,2019,12,December,2,0,Monday,4
2019-12-03,1122,2019,12,December,3,1,Tuesday,4
2019-12-04,1123,2019,12,December,4,2,Wednesday,4
2019-12-05,1124,2019,12,December,5,3,Thursday,4
2019-12-06,1125,2019,12,December,6,4,Friday,4
2019-12-07,1126,2019,12,December,7,5,Saturday,4
2019-12-08,1127,2019,12,December,8,6,Sunday,4
2019-12-09,1128,2019,12,December,9,0,Monday,4
2019-12-10,1129,2019,12,December,10,1,Tuesday,4
2019-12-11,1130,2019,12,December,11,2,Wednesday,4
2019-12-12,1131,2019,12,December,12,3,Thursday,4
2019-12-13,1132,2019,12,December,13,4,Friday,4
2019-12-15,1133,2019,12,December,15,6,Sunday,4
2019-12-16,1134,2019,12,December,16,0,Monday,4
2019-12-17,1135,2019,12,December,17,1,Tuesday,4
2019-12-18,1136,2019,12,December,18,2,Wednesday,4
2019-12-19,1137,2019,12,December,19,3,Thursday,4
2019-12-20,1138,2019,12,December,20,4,Friday,4
2019-12-21,1139,2019,12,December,21,5,Saturday,4
2019-12-22,1140,2019,12,December,22,6,Sunday,4
2019-12-24,1141,2019,12,December,24,1,Tuesday,4
2019-12-25,1142,2019,12,December,25,2,Wednesday,4
2019-12-26,1143,2019,12,December,26,3,Thursday,4
2019-12-27,1144,2019,12,December,27,4,Friday,4
2019-12-28,1145,2019,12,December,28,5,Saturday,4
2019-12-30,1146,2019,12,December,30,0,Monday,4
2019-12-31,1147,2019,12,December,31,1,Tuesday,4
2020-01-01,1148,2020,1,January,1,2,Wednesday,1
2020-01-02,1149,2020,1,January,2,3,Thursday,1
2020-01-03,1150,2020,1,January,3,4,Friday,1
2020-01-04,1151,2020,1,January,4,5,Saturday,1
2020-01-07,1152,2020,1,January,7,1,Tuesday,1
2020-01-08,1153,2020,1,January,8,2,Wednesday,1
2020-01-09,1154,2020,1,January,9,3,Thursday,1
2020-01-10,1155,2020,1,January,10,4,Friday,1
2020-01-11,1156,2020,1,January,11,5,Saturday,1
2020-01-12,1157,2020,1,January,12,6,Sunday,1
2020-01-13,1158,2020,1,January,13,0,Monday,1
2020-01-14,1159,2020,1,January,14,1,Tuesday,1
2020-01-15,1160,2020,1,January,15,2,Wednesday,1
2020-01-16,1161,2020,1,January,16,3,Thursday,1
2020-01-17,1162,2020,1,January,17,4,Friday,1
2020-01-18,1163,2020,1,January,18,5,Saturday,1
2020-01-20,1164,2020,1,January,20,0,Monday,1
2020-01-21,1165,2020,1,January,21,1,Tuesday,1
2020-01-22,1166,2020,1,January,22,2,Wednesday,1
2020-01-23,1167,2020,1,January,23,3,Thursday,1
2020-01-24,1168,2020,1,January,24,4,Friday,1
2020-01-25,1169,2020,1,January,25,5,Saturday,1
2020-01-26,1170,2020,1,January,26,6,Sunday,1
2020-01-27,1171,2020,1,January,27,0,Monday,1
2020-01-29,1172,2020,1,January,29,2,Wednesday,1
2020-01-30,1173,2020,1,January,30,3,Thursday,1
2020-01-31,1174,2020,1,January,31,4,Friday,1
2020-02-01,1175,2020,2,February,1,5,Saturday,1
2020-02-03,1176,2020,2,February,3,0,Monday,1
2020-02-04,1177,2020,2,February,4,1,Tuesday,1
2020-02-05,1178,2020,2,February,5,2,Wednesday,1
2020-02-06,1179,2020,2,February,6,3,Thursday,1
2020-02-07,1180,2020,2,February,7,4,Friday,1
2020-02-08,1181,2020,2,February,8,5,Saturday,1
2020-02-09,1182,2020,2,February,9,6,Sunday,1
2020-02-10,1183,2020,2,February,10,0,Monday,1
2020-02-11,1184,2020,2,February,11,1,Tuesday,1
2020-02-12,1185,2020,2,February,12,2,Wednesday,1
2020-02-13,1186,2020,2,February,13,3,Thursday,1
2020-02-14,1187,2020,2,February,14,4,Friday,1
2020-02-15,1188,2020,2,February,15,5,Saturday,1
2020-02-16,1189,2020,2,February,16,6,Sunday,1
2020-02-17,1190,2020,2,February,17,0,Monday,1
2020-02-20,1191,2020,2,February,20,3,Thursday,1
2020-02-21,1192,2020,2,February,21,4,Friday,1
2020-02-22,1193,2020,2,February,22,5,Saturday,1
2020-02-23,1194,2020,2,February,23,6,Sunday,1
2020-02-25,1195,2020,2,February,25,1,Tuesday,1
2020-02-26,1196,2020,2,February,26,2,Wednesday,1
2020-02-27,1197,2020,2,February,27,3,Thursday,1
2020-02-28,1198,2020,2,February,28,4,Friday,1
2020-03-01,1199,2020,3,March,1,6,Sunday,1
2020-03-02,1200,2020,3,March,2,0,Monday,1
2020-03-03,1201,2020,3,March,3,1,Tuesday,1
2020-03-04,1202,2020,3,March,4,2,Wednesday,1
2020-03-05,1203,2020,3,March,5,3,Thursday,1
2020-03-06,1204,2020,3,March,6,4,Friday,1
2020-03-08,1205,2020,3,March,8,6,Sunday,1
2020-03-10,1206,2020,3,March,10,1,Tuesday,1
2020-03-11,1207,2020,3,March,11,2,Wednesday,1
2020-03-13,1208,2020,3,March,13,4,Friday,1
2020-03-14,1209,2020,3,March,14,5,Saturday,1
2020-03-15,1210,2020,3,March,15,6,Sunday,1
2020-03-16,1211,2020,3,March,16,0,Monday,1
2020-03-17,1212,2020,3,March,17,1,Tuesday,1
2020-03-18,1213,2020,3,March,18,2,Wednesday,1
2020-03-19,1214,2020,3,March,19,3,Thursday,1
2020-03-20,1215,2020,3,March,20,4,Friday,1
2020-03-21,1216,2020,3,March,21,5,Saturday,1
2020-03-22,1217,2020,3,March,22,6,Sunday,1
2020-03-23,1218,2020,3,March,23,0,Monday,1
2020-03-24,1219,2020,3,March,24,1,Tuesday,1
2020-03-25,1220,2020,3,March,25,2,Wednesday,1
2020-03-26,1221,2020,3,March,26,3,Thursday,1
2020-03-27,1222,2020,3,March,27,4,Friday,1
2020-03-28,1223,2020,3,March,28,5,Saturday,1
2020-03-29,1224,2020,3,March,29,6,Sunday,1
2020-03-31,1225,2020,3,March,31,1,Tuesday,1
2020-04-01,1226,2020,4,April,1,2,Wednesday,2
2020-04-02,1227,2020,4,April,2,3,Thursday,2
2020-04-03,1228,2020,4,April,3,4,Friday,2
2020-04-04,1229,2020,4,April,4,5,Saturday,2
2020-04-05,1230,2020,4,April,5,6,Sunday,2
2020-04-06,1231,2020,4,April,6,0,Monday,2
2020-04-07,1232,2020,4,April,7,1,Tuesday,2
2020-04-08,1233,2020,4,April,8,2,Wednesday,2
2020-04-09,1234,2020,4,April,9,3,Thursday,2
2020-04-10,1235,2020,4,April,10,4,Friday,2
2020-04-11,1236,2020,4,April,11,5,Saturday,2
2020-04-13,1237,2020,4,April,13,0,Monday,2
2020-04-14,1238,2020,4,April,14,1,Tuesday,2
2020-04-15,1239,2020,4,April,15,2,Wednesday,2
2020-04-16,1240,2020,4,April,16,3,Thursday,2
2020-04-17,1241,2020,4,April,17,4,Friday,2
2020-04-18,1242,2020,4,April,18,5,Saturday,2
2020-04-20,1243,2020,4,April,20,0,Monday,2
2020-04-21,1244,2020,4,April,21,1,Tuesday,2
2020-04-22,1245,2020,4,April,22,2,Wednesday,2
2020-04-23,1246,2020,4,April,23,3,Thursday,2
2020-04-24,1247,2020,4,April,24,4,Friday,2
2020-04-25,1248,2020,4,April,25,5,Saturday,2
2020-04-26,1249,2020,4,April,26,6,Sunday,2
2020-04-27,1250,2020,4,April,27,0,Monday,2
2020-04-28,1251,2020,4,April,28,1,Tuesday,2
2020-04-29,1252,2020,4,April,29,2,Wednesday,2
2020-04-30,1253,2020,4,April,30,3,Thursday,2
2020-05-01,1254,2020,5,May,1,4,Friday,2
2020-05-02,1255,2020,5,May,2,5,Saturday,2
2020-05-03,1256,2020,5,May,3,6,Sunday,2
2020-05-04,1257,2020,5,May,4,0,Monday,2
2020-05-05,1258,2020,5,May,5,1,Tuesday,2
2020-05-06,1259,2020,5,May,6,2,Wednesday,2
2020-05-07,1260,2020,5,May,7,3,Thursday,2
2020-05-08,1261,2020,5,May,8,4,Friday,2
2020-05-09,1262,2020,5,May,9,5,Saturday,2
2020-05-11,1263,2020,5,May,11,0,Monday,2
2020-05-12,1264,2020,5,May,12,1,Tuesday,2
2020-05-13,1265,2020,5,May,13,2,Wednesday,2
2020-05-14,1266,2020,5,May,14,3,Thursday,2
2020-05-15,1267,2020,5,May,15,4,Friday,2
2020-05-16,1268,2020,5,May,16,5,Saturday,2
2020-05-17,1269,2020,5,May,17,6,Sunday,2
2020-05-18,1270,2020,5,May,18,0,Monday,2
2020-05-19,1271,2020,5,May,19,1,Tuesday,2
2020-05-20,1272,2020,5,May,20,2,Wednesday,2
2020-05-21,1273,2020,5,May,21,3,Thursday,2
2020-05-22,1274,2020,5,May,22,4,Friday,2
2020-05-23,1275,2020,5,May,23,5,Saturday,2
2020-05-24,1276,2020,5,May,24,6,Sunday,2
2020-05-25,1277,2020,5,May,25,0,Monday,2
2020-05-26,1278,2020,5,May,26,1,Tuesday,2
2020-05-27,1279,2020,5,May,27,2,Wednesday,2
2020-05-28,1280,2020,5,May,28,3,Thursday,2
2020-05-29,1281,2020,5,May,29,4,Friday,2
2020-05-31,1282,2020,5,May,31,6,Sunday,2
2020-06-01,1283,2020,6,June,1,0,Monday,2
2020-06-02,1284,2020,6,June,2,1,Tuesday,2
2020-06-03,1285,2020,6,June,3,2,Wednesday,2
2020-06-04,1286,2020,6,June,4,3,Thursday,2
2020-06-05,1287,2020,6,June,5,4,Friday,2
2020-06-06,1288,2020,6,June,6,5,Saturday,2
2020-06-07,1289,2020,6,June,7,6,Sunday,2
2020-06-08,1290,2020,6,June,8,0,Monday,2
2020-06-10,1291,2020,6,June,10,2,Wednesday,2
2020-06-11,1292,2020,6,June,11,3,Thursday,2
2020-06-12,1293,2020,6,June,12,4,Friday,2
2020-06-13,1294,2020,6,June,13,5,Saturday,2
2020-06-15,1295,2020,6,June,15,0,Monday,2
2020-06-16,1296,2020,6,June,16,1,Tuesday,2
2020-06-17,1297,2020,6,June,17,2,Wednesday,2
2020-06-18,1298,2020,6,June,18,3,Thursday,2
2020-06-19,1299,2020,6,June,19,4,Friday,2
2020-06-20,1300,2020,6,June,20,5,Saturday,2
2020-06-21,1301,2020,6,June,21,6,Sunday,2
2020-06-22,1302,2020,6,June,22,0,Monday,2
2020-06-23,1303,2020,6,June,23,1,Tuesday,2
2020-06-24,1304,2020,6,June,24,2,Wednesday,2
2020-06-25,1305,2020,6,June,25,3,Thursday,2
2020-06-26,1306,2020,6,June,26,4,Friday,2
2020-06-27,1307,2020,6,June,27,5,Saturday,2
2020-06-28,1308,2020,6,June,28,6,Sunday,2
2020-06-29,1309,2020,6,June,29,0,Monday,2
2020-06-30,1310,2020,6,June,30,1,Tuesday,2
2020-07-01,1311,2020,7,July,1,2,Wednesday,3
2020-07-02,1312,2020,7,July,2,3,Thursday,3
2020-07-03,1313,2020,7,July,3,4,Friday,3
2020-07-04,1314,2020,7,July,4,5,Saturday,3
2020-07-05,1315,2020,7,July,5,6,Sunday,3
2020-07-06,1316,2020,7,July,6,0,Monday,3
2020-07-07,1317,2020,7,July,7,1,Tuesday,3
2020-07-08,1318,2020,7,July,8,2,Wednesday,3
2020-07-09,1319,2020,7,July,9,3,Thursday,3
2020-07-10,1320,2020,7,July,10,4,Friday,3
2020-07-11,1321,2020,7,July,11,5,Saturday,3
2020-07-14,1322,2020,7,July,14,1,Tuesday,3
2020-07-15,1323,2020,7,July,15,2,Wednesday,3
2020-07-16,1324,2020,7,July,16,3,Thursday,3
2020-07-17,1325,2020,7,July,17,4,Friday,3
2020-07-18,1326,2020,7,July,18,5,Saturday,3
2020-07-19,1327,2020,7,July,19,6,Sunday,3
2020-07-21,1328,2020,7,July,21,1,Tuesday,3
2020-07-22,1329,2020,7,July,22,2,Wednesday,3
2020-07-23,1330,2020,7,July,23,3,Thursday,3
2020-07-24,1331,2020,7,July,24,4,Friday,3
2020-07-25,1332,2020,7,July,25,5,Saturday,3
2020-07-26,1333,2020,7,July,26,6,Sunday,3
2020-07-28,1334,2020,7,July,28,1,Tuesday,3
2020-07-29,1335,2020,7,July,29,2,Wednesday,3
2020-07-30,1336,2020,7,July,30,3,Thursday,3
2020-07-31,1337,2020,7,July,31,4,Friday,3
2020-08-01,1338,2020,8,August,1,5,Saturday,3
2020-08-02,1339,2020,8,August,2,6,Sunday,3
2020-08-03,1340,2020,8,August,3,0,Monday,3
2020-08-04,1341,2020,8,August,4,1,Tuesday,3
2020-08-05,1342,2020,8,August,5,2,Wednesday,3
2020-08-06,1343,2020,8,August,6,3,Thursday,3
2020-08-07,1344,2020,8,August,7,4,Friday,3
2020-08-08,1345,2020,8,August,8,5,Saturday,3
2020-08-10,1346,2020,8,August,10,0,Monday,3
2020-08-11,1347,2020,8,August,11,1,Tuesday,3
2020-08-12,1348,2020,8,August,12,2,Wednesday,3
2020-08-13,1349,2020,8,August,13,3,Thursday,3
2020-08-14,1350,2020,8,August,14,4,Friday,3
2020-08-15,1351,2020,8,August,15,5,Saturday,3
2020-08-16,1352,2020,8,August,16,6,Sunday,3
2020-08-17,1353,2020,8,August,17,0,Monday,3
2020-08-18,1354,2020,8,August,18,1,Tuesday,3
2020-08-19,1355,2020,8,August,19,2,Wednesday,3
2020-08-20,1356,2020,8,August,20,3,Thursday,3
2020-08-21,1357,2020,8,August,21,4,Friday,3
2020-08-22,1358,2020,8,August,22,5,Saturday,3
2020-08-23,1359,2020,8,August,23,6,Sunday,3
2020-08-24,1360,2020,8,August,24,0,Monday,3
2020-08-25,1361,2020,8,August,25,1,Tuesday,3
2020-08-26,1362,2020,8,August,26,2,Wednesday,3
2020-08-27,1363,2020,8,August,27,3,Thursday,3
2020-08-28,1364,2020,8,August,28,4,Friday,3
2020-08-29,1365,2020,8,August,29,5,Saturday,3
2020-08-30,1366,2020,8,August,30,6,Sunday,3
2020-08-31,1367,2020,8,August,31,0,Monday,3
2020-09-01,1368,2020,9,September,1,1,Tuesday,3
2020-09-02,1369,2020,9,September,2,2,Wednesday,3
2020-09-03,1370,2020,9,September,3,3,Thursday,3
2020-09-04,1371,2020,9,September,4,4,Friday,3
2020-09-05,1372,2020,9,September,5,5,Saturday,3
2020-09-07,1373,2020,9,September,7,0,Monday,3
2020-09-08,1374,2020,9,September,8,1,Tuesday,3
2020-09-09,1375,2020,9,September,9,2,Wednesday,3
2020-09-10,1376,2020,9,September,10,3,Thursday,3
2020-09-11,1377,2020,9,September,11,4,Friday,3
2020-09-14,1378,2020,9,September,14,0,Monday,3
2020-09-15,1379,2020,9,September,15,1,Tuesday,3
2020-09-16,1380,2020,9,September,16,2,Wednesday,3
2020-09-17,1381,2020,9,September,17,3,Thursday,3
2020-09-18,1382,2020,9,September,18,4,Friday,3
2020-09-19,1383,2020,9,September,19,5,Saturday,3
2020-09-20,1384,2020,9,September,20,6,Sunday,3
2020-09-21,1385,2020,9,September,21,0,Monday,3
2020-09-22,1386,2020,9,September,22,1,Tuesday,3
2020-09-23,1387,2020,9,September,23,2,Wednesday,3
2020-09-24,1388,2020,9,September,24,3,Thursday,3
2020-09-25,1389,2020,9,September,25,4,Friday,3
2020-09-26,1390,2020,9,September,26,5,Saturday,3
2020-09-27,1391,2020,9,September,27,6,Sunday,3
2020-09-28,1392,2020,9,September,28,0,Monday,3
2020-09-29,1393,2020,9,September,29,1,Tuesday,3
2020-09-30,1394,2020,9,September,30,2,Wednesday,3
2020-10-01,1395,2020,10,October,1,3,Thursday,4
2020-10-02,1396,2020,10,October,2,4,Friday,4
2020-10-03,1397,2020,10,October,3,5,Saturday,4
2020-10-04,1398,2020,10,October,4,6,Sunday,4
2020-10-05,1399,2020,10,October,5,0,Monday,4
2020-10-06,1400,2020,10,October,6,1,Tuesday,4
2020-10-07,1401,2020,10,October,7,2,Wednesday,4
2020-10-08,1402,2020,10,October,8,3,Thursday,4
2020-10-09,1403,2020,10,October,9,4,Friday,4
2020-10-11,1404,2020,10,October,11,6,Sunday,4
2020-10-12,1405,2020,10,October,12,0,Monday,4
2020-10-13,1406,2020,10,October,13,1,Tuesday,4
2020-10-14,1407,2020,10,October,14,2,Wednesday,4
2020-10-15,1408,2020,10,October,15,3,Thursday,4
2020-10-16,1409,2020,10,October,16,4,Friday,4
2020-10-17,1410,2020,10,October,17,5,Saturday,4
2020-10-18,1411,2020,10,October,18,6,Sunday,4
2020-10-19,1412,2020,10,October,19,0,Monday,4
2020-10-20,1413,2020,10,October,20,1,Tuesday,4
2020-10-21,1414,2020,10,October,21,2,Wednesday,4
2020-10-22,1415,2020,10,October,22,3,Thursday,4
2020-10-23,1416,2020,10,October,23,4,Friday,4
2020-10-24,1417,2020,10,October,24,5,Saturday,4
2020-10-25,1418,2020,10,October,25,6,Sunday,4
2020-10-26,1419,2020,10,October,26,0,Monday,4
2020-10-27,1420,2020,10,October,27,1,Tuesday,4
2020-10-28,1421,2020,10,October,28,2,Wednesday,4
2020-10-29,1422,2020,10,October,29,3,Thursday,4
2020-10-30,1423,2020,10,October,30,4,Friday,4
2020-10-31,1424,2020,10,October,31,5,Saturday,4
2020-11-01,1425,2020,11,November,1,6,Sunday,4
2020-11-02,1426,2020,11,November,2,0,Monday,4
2020-11-03,1427,2020,11,November,3,1,Tuesday,4
2020-11-04,1428,2020,11,November,4,2,Wednesday,4
2020-11-05,1429,2020,11,November,5,3,Thursday,4
2020-11-06,1430,2020,11,November,6,4,Friday,4
2020-11-10,1431,2020,11,November,10,1,Tuesday,4
2020-11-11,1432,2020,11,November,11,2,Wednesday,4
2020-11-12,1433,2020,11,November,12,3,Thursday,4
2020-11-13,1434,2020,11,November,13,4,Friday,4
2020-11-14,1435,2020,11,November,14,5,Saturday,4
2020-11-15,1436,2020,11,November,15,6,Sunday,4
2020-11-16,1437,2020,11,November,16,0,Monday,4
2020-11-17,1438,2020,11,November,17,1,Tuesday,4
2020-11-18,1439,2020,11,November,18,2,Wednesday,4
2020-11-19,1440,2020,11,November,19,3,Thursday,4
2020-11-20,1441,2020,11,November,20,4,Friday,4
2020-11-22,1442,2020,11,November,22,6,Sunday,4
2020-11-23,1443,2020,11,November,23,0,Monday,4
2020-11-24,1444,2020,11,November,24,1,Tuesday,4
2020-11-25,1445,2020,11,November,25,2,Wednesday,4
2020-11-26,1446,2020,11,November,26,3,Thursday,4
2020-11-27,1447,2020,11,November,27,4,Friday,4
2020-11-29,1448,2020,11,November,29,6,Sunday,4
2020-11-30,1449,2020,11,November,30,0,Monday,4
2020-12-01,1450,2020,12,December,1,1,Tuesday,4
2020-12-02,1451,2020,12,December,2,2,Wednesday,4
2020-12-03,1452,2020,12,December,3,3,Thursday,4
2020-12-04,1453,2020,12,December,4,4,Friday,4
2020-12-05,1454,2020,12,December,5,5,Saturday,4
2020-12-07,1455,2020,12,December,7,0,Monday,4
2020-12-08,1456,2020,12,December,8,1,Tuesday,4
2020-12-09,1457,2020,12,December,9,2,Wednesday,4
2020-12-10,1458,2020,12,December,10,3,Thursday,4
2020-12-11,1459,2020,12,December,11,4,Friday,4
2020-12-12,1460,2020,12,December,12,5,Saturday,4
2020-12-13,1461,2020,12,December,13,6,Sunday,4
2020-12-14,1462,2020,12,December,14,0,Monday,4
2020-12-15,1463,2020,12,December,15,1,Tuesday,4
2020-12-16,1464,2020,12,December,16,2,Wednesday,4
2020-12-17,1465,2020,12,December,17,3,Thursday,4
2020-12-18,1466,2020,12,December,18,4,Friday,4
2020-12-19,1467,2020,12,December,19,5,Saturday,4
2020-12-20,1468,2020,12,December,20,6,Sunday,4
2020-12-21,1469,2020,12,December,21,0,Monday,4
2020-12-22,1470,2020,12,December,22,1,Tuesday,4
2020-12-23,1471,2020,12,December,23,2,Wednesday,4
2020-12-24,1472,2020,12,December,24,3,Thursday,4
2020-12-25,1473,2020,12,December,25,4,Friday,4
2020-12-26,1474,2020,12,December,26,5,Saturday,4
2020-12-27,1475,2020,12,December,27,6,Sunday,4
2020-12-28,1476,2020,12,December,28,0,Monday,4
2020-12-30,1477,2020,12,December,30,2,Wednesday,4
2020-12-31,1478,2020,12,December,31,3,Thursday,4
2021-01-01,1479,2021,1,January,1,4,Friday,1
2021-01-02,1480,2021,1,January,2,5,Saturday,1
2021-01-03,1481,2021,1,January,3,6,Sunday,1
2021-01-04,1482,2021,1,January,4,0,Monday,1
2021-01-05,1483,2021,1,January,5,1,Tuesday,1
2021-01-06,1484,2021,1,January,6,2,Wednesday,1
2021-01-07,1485,2021,1,January,7,3,Thursday,1
2021-01-08,1486,2021,1,January,8,4,Friday,1
2021-01-10,1487,2021,1,January,10,6,Sunday,1
2021-01-11,1488,2021,1,January,11,0,Monday,1
2021-01-12,1489,2021,1,January,12,1,Tuesday,1
2021-01-13,1490,2021,1,January,13,2,Wednesday,1
2021-01-14,1491,2021,1,January,14,3,Thursday,1
2021-01-15,1492,2021,1,January,15,4,Friday,1
2021-01-16,1493,2021,1,January,16,5,Saturday,1
2021-01-18,1494,2021,1,January,18,0,Monday,1
2021-01-19,1495,2021,1,January,19,1,Tuesday,1
2021-01-20,1496,2021,1,January,20,2,Wednesday,1
2021-01-21,1497,2021,1,January,21,3,Thursday,1
2021-01-22,1498,2021,1,January,22,4,Friday,1
2021-01-26,1499,2021,1,January,26,1,Tuesday,1
2021-01-27,1500,2021,1,January,27,2,Wednesday,1
2021-01-28,1501,2021,1,January,28,3,Thursday,1
2021-01-29,1502,2021,1,January,29,4,Friday,1
2021-01-31,1503,2021,1,January,31,6,Sunday,1
2021-02-01,1504,2021,2,February,1,0,Monday,1
2021-02-02,1505,2021,2,February,2,1,Tuesday,1
2021-02-03,1506,2021,2,February,3,2,Wednesday,1
2021-02-05,1507,2021,2,February,5,4,Friday,1
2021-02-06,1508,2021,2,February,6,5,Saturday,1
2021-02-07,1509,2021,2,February,7,6,Sunday,1
2021-02-08,1510,2021,2,February,8,0,Monday,1
2021-02-09,1511,2021,2,February,9,1,Tuesday,1
2021-02-10,1512,2021,2,February,10,2,Wednesday,1
2021-02-11,1513,2021,2,February,11,3,Thursday,1
2021-02-12,1514,2021,2,February,12,4,Friday,1
2021-02-13,1515,2021,2,February,13,5,Saturday,1
2021-02-14,1516,2021,2,February,14,6,Sunday,1
2021-02-15,1517,2021,2,February,15,0,Monday,1
2021-02-16,1518,2021,2,February,16,1,Tuesday,1
2021-02-17,1519,2021,2,February,17,2,Wednesday,1
2021-02-18,1520,2021,2,February,18,3,Thursday,1
2021-02-19,1521,2021,2,February,19,4,Friday,1
2021-02-20,1522,2021,2,February,20,5,Saturday,1
2021-02-21,1523,2021,2,February,21,6,Sunday,1
2021-02-22,1524,2021,2,February,22,0,Monday,1
2021-02-23,1525,2021,2,February,23,1,Tuesday,1
2021-02-24,1526,2021,2,February,24,2,Wednesday,1
2021-02-25,1527,2021,2,February,25,3,Thursday,1
2021-02-26,1528,2021,2,February,26,4,Friday,1
2021-02-28,1529,2021,2,February,28,6,Sunday,1
2021-03-01,1530,2021,3,March,1,0,Monday,1
2021-03-02,1531,2021,3,March,2,1,Tuesday,1
2021-03-03,1532,2021,3,March,3,2,Wednesday,1
2021-03-04,1533,2021,3,March,4,3,Thursday,1
2021-03-05,1534,2021,3,March,5,4,Friday,1
2021-03-06,1535,2021,3,March,6,5,Saturday,1
2021-03-08,1536,2021,3,March,8,0,Monday,1
2021-03-09,1537,2021,3,March,9,1,Tuesday,1
2021-03-10,1538,2021,3,March,10,2,Wednesday,1
2021-03-11,1539,2021,3,March,11,3,Thursday,1
2021-03-12,1540,2021,3,March,12,4,Friday,1
2021-03-14,1541,2021,3,March,14,6,Sunday,1
2021-03-15,1542,2021,3,March,15,0,Monday,1
2021-03-16,1543,2021,3,March,16,1,Tuesday,1
2021-03-17,1544,2021,3,March,17,2,Wednesday,1
2021-03-18,1545,2021,3,March,18,3,Thursday,1
2021-03-19,1546,2021,3,March,19,4,Friday,1
2021-03-20,1547,2021,3,March,20,5,Saturday,1
2021-03-22,1548,2021,3,March,22,0,Monday,1
2021-03-23,1549,2021,3,March,23,1,Tuesday,1
2021-03-24,1550,2021,3,March,24,2,Wednesday,1
2021-03-25,1551,2021,3,March,25,3,Thursday,1
2021-03-26,1552,2021,3,March,26,4,Friday,1
2021-03-28,1553,2021,3,March,28,6,Sunday,1
2021-03-29,1554,2021,3,March,29,0,Monday,1
2021-03-30,1555,2021,3,March,30,1,Tuesday,1
2021-03-31,1556,2021,3,March,31,2,Wednesday,1
2021-04-01,1557,2021,4,April,1,3,Thursday,2
2021-04-02,1558,2021,4,April,2,4,Friday,2
2021-04-03,1559,2021,4,April,3,5,Saturday,2
2021-04-04,1560,2021,4,April,4,6,Sunday,2
2021-04-05,1561,2021,4,April,5,0,Monday,2
2021-04-06,1562,2021,4,April,6,1,Tuesday,2
2021-04-07,1563,2021,4,April,7,2,Wednesday,2
2021-04-08,1564,2021,4,April,8,3,Thursday,2
2021-04-09,1565,2021,4,April,9,4,Friday,2
2021-04-10,1566,2021,4,April,10,5,Saturday,2
2021-04-11,1567,2021,4,April,11,6,Sunday,2
2021-04-12,1568,2021,4,April,12,0,Monday,2
2021-04-13,1569,2021,4,April,13,1,Tuesday,2
2021-04-14,1570,2021,4,April,14,2,Wednesday,2
2021-04-15,1571,2021,4,April,15,3,Thursday,2
2021-04-16,1572,2021,4,April,16,4,Friday,2
2021-04-17,1573,2021,4,April,17,5,Saturday,2
2021-04-19,1574,2021,4,April,19,0,Monday,2
2021-04-20,1575,2021,4,April,20,1,Tuesday,2
2021-04-21,1576,2021,4,April,21,2,Wednesday,2
2021-04-22,1577,2021,4,April,22,3,Thursday,2
2021-04-23,1578,2021,4,April,23,4,Friday,2
2021-04-24,1579,2021,4,April,24,5,Saturday,2
2021-04-27,1580,2021,4,April,27,1,Tuesday,2
2021-04-28,1581,2021,4,April,28,2,Wednesday,2
2021-04-29,1582,2021,4,April,29,3,Thursday,2
2021-04-30,1583,2021,4,April,30,4,Friday,2
2021-05-01,1584,2021,5,May,1,5,Saturday,2
2021-05-04,1585,2021,5,May,4,1,Tuesday,2
2021-05-05,1586,2021,5,May,5,2,Wednesday,2
2021-05-06,1587,2021,5,May,6,3,Thursday,2
2021-05-07,1588,2021,5,May,7,4,Friday,2
2021-05-08,1589,2021,5,May,8,5,Saturday,2
2021-05-09,1590,2021,5,May,9,6,Sunday,2
2021-05-10,1591,2021,5,May,10,0,Monday,2
2021-05-11,1592,2021,5,May,11,1,Tuesday,2
2021-05-12,1593,2021,5,May,12,2,Wednesday,2
2021-05-13,1594,2021,5,May,13,3,Thursday,2
2021-05-14,1595,2021,5,May,14,4,Friday,2
2021-05-15,1596,2021,5,May,15,5,Saturday,2
2021-05-16,1597,2021,5,May,16,6,Sunday,2
2021-05-18,1598,2021,5,May,18,1,Tuesday,2
2021-05-19,1599,2021,5,May,19,2,Wednesday,2
2021-05-20,1600,2021,5,May,20,3,Thursday,2
2021-05-21,1601,2021,5,May,21,4,Friday,2
2021-05-22,1602,2021,5,May,22,5,Saturday,2
2021-05-23,1603,2021,5,May,23,6,Sunday,2
2021-05-24,1604,2021,5,May,24,0,Monday,2
2021-05-25,1605,2021,5,May,25,1,Tuesday,2
2021-05-26,1606,2021,5,May,26,2,Wednesday,2
2021-05-27,1607,2021,5,May,27,3,Thursday,2
2021-05-28,1608,2021,5,May,28,4,Friday,2
2021-05-29,1609,2021,5,May,29,5,Saturday,2
2021-05-30,1610,2021,5,May,30,6,Sunday,2
2021-05-31,1611,2021,5,May,31,0,Monday,2
2021-06-02,1612,2021,6,June,2,2,Wednesday,2
2021-06-03,1613,2021,6,June,3,3,Thursday,2
2021-06-04,1614,2021,6,June,4,4,Friday,2
2021-06-05,1615,2021,6,June,5,5,Saturday,2
2021-06-06,1616,2021,6,June,6,6,Sunday,2
2021-06-07,1617,2021,6,June,7,0,Monday,2
2021-06-08,1618,2021,6,June,8,1,Tuesday,2
2021-06-09,1619,2021,6,June,9,2,Wednesday,2
2021-06-10,1620,2021,6,June,10,3,Thursday,2
2021-06-11,1621,2021,6,June,11,4,Friday,2
2021-06-12,1622,2021,6,June,12,5,Saturday,2
2021-06-13,1623,2021,6,June,13,6,Sunday,2
2021-06-14,1624,2021,6,June,14,0,Monday,2
2021-06-15,1625,2021,6,June,15,1,Tuesday,2
2021-06-16,1626,2021,6,June,16,2,Wednesday,2
2021-06-17,1627,2021,6,June,17,3,Thursday,2
2021-06-18,1628,2021,6,June,18,4,Friday,2
2021-06-19,1629,2021,6,June,19,5,Saturday,2
2021-06-20,1630,2021,6,June,20,6,Sunday,2
2021-06-21,1631,2021,6,June,21,0,Monday,2
2021-06-22,1632,2021,6,June,22,1,Tuesday,2
2021-06-23,1633,2021,6,June,23,2,Wednesday,2
2021-06-24,1634,2021,6,June,24,3,Thursday,2
2021-06-25,1635,2021,6,June,25,4,Friday,2
2021-06-26,1636,2021,6,June,26,5,Saturday,2
2021-06-28,1637,2021,6,June,28,0,Monday,2
2021-06-29,1638,2021,6,June,29,1,Tuesday,2
2021-06-30,1639,2021,6,June,30,2,Wednesday,2
2021-07-01,1640,2021,7,July,1,3,Thursday,3
2021-07-02,1641,2021,7,July,2,4,Friday,3
2021-07-03,1642,2021,7,July,3,5,Saturday,3
2021-07-04,1643,2021,7,July,4,6,Sunday,3
2021-07-06,1644,2021,7,July,6,1,Tuesday,3
2021-07-07,1645,2021,7,July,7,2,Wednesday,3
2021-07-08,1646,2021,7,July,8,3,Thursday,3
2021-07-09,1647,2021,7,July,9,4,Friday,3
2021-07-10,1648,2021,7,July,10,5,Saturday,3
2021-07-12,1649,2021,7,July,12,0,Monday,3
2021-07-13,1650,2021,7,July,13,1,Tuesday,3
2021-07-14,1651,2021,7,July,14,2,Wednesday,3
2021-07-15,1652,2021,7,July,15,3,Thursday,3
2021-07-16,1653,2021,7,July,16,4,Friday,3
2021-07-17,1654,2021,7,July,17,5,Saturday,3
2021-07-19,1655,2021,7,July,19,0,Monday,3
2021-07-20,1656,2021,7,July,20,1,Tuesday,3
2021-07-21,1657,2021,7,July,21,2,Wednesday,3
2021-07-22,1658,2021,7,July,22,3,Thursday,3
2021-07-23,1659,2021,7,July,23,4,Friday,3
2021-07-24,1660,2021,7,July,24,5,Saturday,3
2021-07-26,1661,2021,7,July,26,0,Monday,3
2021-07-27,1662,2021,7,July,27,1,Tuesday,3
2021-07-28,1663,2021,7,July,28,2,Wednesday,3
2021-07-29,1664,2021,7,July,29,3,Thursday,3
2021-07-30,1665,2021,7,July,30,4,Friday,3
2021-07-31,1666,2021,7,July,31,5,Saturday,3
2021-08-01,1667,2021,8,August,1,6,Sunday,3
2021-08-03,1668,2021,8,August,3,1,Tuesday,3
2021-08-04,1669,2021,8,August,4,2,Wednesday,3
2021-08-05,1670,2021,8,August,5,3,Thursday,3
2021-08-06,1671,2021,8,August,6,4,Friday,3
2021-08-07,1672,2021,8,August,7,5,Saturday,3
2021-08-08,1673,2021,8,August,8,6,Sunday,3
2021-08-09,1674,2021,8,August,9,0,Monday,3
2021-08-10,1675,2021,8,August,10,1,Tuesday,3
2021-08-11,1676,2021,8,August,11,2,Wednesday,3
2021-08-12,1677,2021,8,August,12,3,Thursday,3
2021-08-13,1678,2021,8,August,13,4,Friday,3
2021-08-15,1679,2021,8,August,15,6,Sunday,3
2021-08-16,1680,2021,8,August,16,0,Monday,3
2021-08-18,1681,2021,8,August,18,2,Wednesday,3
2021-08-19,1682,2021,8,August,19,3,Thursday,3
2021-08-20,1683,2021,8,August,20,4,Friday,3
2021-08-21,1684,2021,8,August,21,5,Saturday,3
2021-08-23,1685,2021,8,August,23,0,Monday,3
2021-08-24,1686,2021,8,August,24,1,Tuesday,3
2021-08-25,1687,2021,8,August,25,2,Wednesday,3
2021-08-26,1688,2021,8,August,26,3,Thursday,3
2021-08-27,1689,2021,8,August,27,4,Friday,3
2021-08-28,1690,2021,8,August,28,5,Saturday,3
2021-08-29,1691,2021,8,August,29,6,Sunday,3
2021-08-31,1692,2021,8,August,31,1,Tuesday,3
2021-09-01,1693,2021,9,September,1,2,Wednesday,3
2021-09-02,1694,2021,9,September,2,3,Thursday,3
2021-09-03,1695,2021,9,September,3,4,Friday,3
2021-09-04,1696,2021,9,September,4,5,Saturday,3
2021-09-05,1697,2021,9,September,5,6,Sunday,3
2021-09-06,1698,2021,9,September,6,0,Monday,3
2021-09-07,1699,2021,9,September,7,1,Tuesday,3
2021-09-08,1700,2021,9,September,8,2,Wednesday,3
2021-09-09,1701,2021,9,September,9,3,Thursday,3
2021-09-10,1702,2021,9,September,10,4,Friday,3
2021-09-11,1703,2021,9,September,11,5,Saturday,3
2021-09-14,1704,2021,9,September,14,1,Tuesday,3
2021-09-15,1705,2021,9,September,15,2,Wednesday,3
2021-09-16,1706,2021,9,September,16,3,Thursday,3
2021-09-17,1707,2021,9,September,17,4,Friday,3
2021-09-19,1708,2021,9,September,19,6,Sunday,3
2021-09-20,1709,2021,9,September,20,0,Monday,3
2021-09-21,1710,2021,9,September,21,1,Tuesday,3
2021-09-22,1711,2021,9,September,22,2,Wednesday,3
2021-09-23,1712,2021,9,September,23,3,Thursday,3
2021-09-24,1713,2021,9,September,24,4,Friday,3
2021-09-25,1714,2021,9,September,25,5,Saturday,3
