content_key,country_id
1,116
2,100
5,46
8,116
8,40
8,18
8,115
8,39
8,35
9,115
10,116
13,39
13,29
16,116
18,68
22,111
25,46
26,7
28,116
29,116
30,116
30,46
30,37
33,115
38,36
39,24
39,21
39,116
40,46
41,116
42,116
43,116
44,116
45,116
47,100
47,116
47,54
49,116
50,78
51,46
52,54
53,54
54,54
55,54
56,116
57,54
58,54
59,54
60,54
61,54
62,54
63,54
64,54
66,115
67,46
68,116
70,46
73,115
74,78
77,54
82,116
83,116
85,78
91,103
91,116
92,37
93,13
95,115
95,116
96,116
96,115
97,116
98,116
99,115
100,37
100,116
102,116
105,101
106,46
107,116
108,116
109,7
110,103
112,116
112,96
115,46
116,115
116,7
116,37
117,46
118,115
118,116
119,46
121,7
123,115
123,7
123,37
123,116
125,101
126,116
127,46
128,116
128,21
130,39
130,116
132,116
134,100
134,116
135,116
135,68
136,116
136,52
136,37
136,54
137,116
137,52
137,90
137,115
138,7
138,116
139,116
140,116
141,5
141,119
142,116
142,115
142,21
143,39
143,116
144,116
145,116
146,116
147,116
150,116
151,116
152,24
152,43
153,116
154,91
155,54
156,115
156,116
157,116
158,21
159,116
160,43
161,116
162,116
163,116
163,24
163,43
164,116
165,116
167,52
167,116
168,116
168,21
169,116
170,116
171,116
172,116
173,116
173,39
174,116
175,116
176,116
177,116
178,115
178,116
179,116
180,116
183,116
184,116
185,116
189,37
191,46
192,115
192,21
192,116
193,46
194,101
196,46
199,78
200,46
201,46
202,46
203,46
204,46
205,46
206,46
207,46
208,46
209,46
210,46
211,46
212,46
213,50
216,46
217,46
218,46
220,54
221,116
228,116
229,116
229,115
230,116
232,116
233,116
234,115
242,116
248,116
252,116
254,46
255,116
260,46
260,74
264,116
265,116
266,54
267,46
268,76
268,7
268,37
268,116
270,52
271,52
271,16
271,41
272,116
273,116
274,37
275,116
276,5
277,103
278,55
279,25
280,116
280,54
281,116
282,78
283,68
284,13
284,115
285,115
285,116
286,107
286,115
286,7
287,116
289,25
290,101
291,116
292,54
293,115
294,100
296,116
297,51
297,116
298,46
299,78
300,37
301,21
301,116
302,46
303,16
304,5
305,115
306,5
306,103
307,78
308,116
309,116
311,116
312,68
313,116
314,109
315,116
316,116
316,78
317,109
318,116
320,109
322,109
323,109
324,116
325,52
326,116
327,116
328,116
328,115
329,17
329,116
330,116
330,21
331,116
331,21
333,116
333,68
334,116
335,116
336,116
338,116
338,21
339,54
341,116
341,115
342,116
343,116
344,116
345,116
346,116
346,21
347,116
348,103
348,115
348,116
349,115
349,116
350,116
351,116
352,116
352,39
353,116
353,24
354,116
355,116
356,116
357,116
357,37
358,103
358,37
358,115
358,116
359,116
360,116
361,116
362,116
366,37
366,3
367,115
371,116
375,78
378,86
379,116
381,116
383,116
384,46
386,39
387,116
387,21
390,37
390,51
390,39
390,116
390,115
391,116
392,21
392,116
393,116
394,7
402,103
403,115
404,116
411,46
416,46
426,116
427,76
430,78
434,116
435,5
437,93
438,116
440,110
441,116
443,116
443,21
446,116
447,116
448,116
449,116
450,116
451,116
452,116
453,47
454,54
457,101
458,34
458,30
458,39
460,116
461,116
461,21
463,116
464,52
470,116
470,21
473,116
474,116
475,116
475,107
478,116
479,39
487,43
487,21
487,116
489,116
490,58
490,116
492,116
493,116
494,116
494,54
495,116
497,37
497,21
497,116
497,103
500,116
503,78
504,86
507,7
509,37
509,75
509,96
510,116
511,21
512,116
513,37
513,13
514,116
515,115
516,115
517,110
518,54
519,46
520,115
521,116
522,21
523,91
524,115
525,54
526,116
526,21
527,116
528,50
528,116
528,115
529,46
530,34
531,116
532,65
533,116
534,51
535,47
536,21
537,7
538,54
539,115
540,7
540,76
541,115
541,39
542,46
543,46
544,13
544,75
545,21
546,101
548,116
549,116
552,46
554,37
555,78
556,101
556,29
557,101
558,7
558,116
559,116
560,116
560,39
562,116
563,116
564,116
565,116
566,7
566,39
567,116
567,39
568,116
569,116
570,120
573,115
573,13
574,116
574,24
575,116
575,24
576,116
577,115
577,7
577,116
579,37
579,54
579,116
580,116
582,116
583,116
584,116
584,115
585,116
586,115
586,116
589,116
590,115
592,116
593,116
594,116
595,116
595,39
596,39
596,116
597,116
598,116
599,116
599,115
600,116
601,116
602,116
603,116
604,116
605,115
605,39
605,103
605,116
606,116
607,115
607,116
607,37
607,52
608,116
609,116
609,39
609,21
610,116
610,37
610,52
610,115
611,116
611,115
611,39
611,44
612,116
612,21
613,116
613,76
614,78
615,116
615,76
616,116
618,106
619,116
621,116
623,116
626,68
628,24
629,116
631,116
632,54
635,37
636,60
637,116
637,21
639,116
643,54
644,116
649,116
651,16
652,78
655,90
656,90
657,90
658,116
660,110
661,116
662,37
663,116
665,103
666,36
666,39
668,116
669,116
670,103
674,5
675,116
676,54
677,116
678,21
678,116
679,116
680,110
681,116
682,115
683,7
685,103
686,116
687,101
689,78
695,60
695,108
697,21
697,116
699,85
700,45
702,21
703,116
704,111
706,39
709,116
710,5
712,52
714,116
717,116
719,116
720,116
722,116
723,116
724,116
725,116
725,115
727,116
728,116
729,116
732,101
734,30
735,37
735,116
736,46
737,116
737,46
738,85
738,96
738,47
740,24
740,116
740,21
741,116
742,60
742,114
743,120
744,21
744,116
744,30
745,25
746,114
747,116
748,78
749,116
750,116
751,68
751,37
751,25
753,116
753,115
754,25
755,115
755,116
756,75
757,78
758,116
759,115
763,101
764,116
765,100
766,103
767,68
768,54
769,106
770,5
771,114
773,52
774,85
775,116
776,116
777,116
778,116
779,54
780,116
781,115
783,21
783,116
784,16
785,116
785,21
786,116
787,116
788,116
789,116
790,115
791,116
792,116
793,116
794,116
795,78
796,116
797,116
798,116
799,116
800,116
801,116
802,116
803,39
803,116
803,37
804,54
805,21
805,116
809,116
809,17
810,116
811,116
813,116
814,116
814,21
815,116
817,115
817,37
817,39
817,116
818,116
819,116
820,116
821,114
822,115
823,116
824,116
825,116
826,116
827,116
829,116
831,116
834,51
835,116
837,110
838,79
838,30
839,5
840,108
840,37
840,60
840,89
841,52
844,54
847,116
849,116
851,46
854,116
856,116
858,103
860,34
861,7
863,116
864,116
866,116
867,116
868,116
869,21
869,116
870,68
871,116
872,46
873,116
874,46
875,115
877,46
878,46
879,13
879,75
880,116
881,116
881,29
882,100
883,67
884,116
885,101
886,21
886,100
888,8
890,116
891,116
892,115
893,46
895,68
895,16
896,37
896,116
897,116
900,103
901,116
902,116
903,101
904,46
905,116
906,24
907,111
908,116
909,116
910,46
911,116
912,46
914,46
915,115
915,116
916,39
916,37
917,116
918,116
919,46
920,116
921,68
921,116
922,116
923,116
925,116
927,116
929,116
931,116
932,116
933,115
933,37
933,103
933,116
934,115
934,116
935,115
935,21
935,116
936,116
943,116
943,7
944,116
945,24
946,115
947,116
947,37
948,116
948,115
948,37
949,116
950,116
950,91
951,116
951,115
951,76
952,116
953,116
954,116
955,21
956,37
956,116
957,116
960,46
963,116
963,115
967,16
969,86
970,116
971,116
972,103
973,111
974,46
975,46
976,116
977,111
978,111
979,111
980,111
981,111
982,111
983,111
984,103
985,111
986,111
987,111
989,110
990,111
991,111
992,34
994,116
995,78
996,111
997,54
998,7
998,115
999,46
1000,39
1000,116
1002,21
1002,78
1002,116
1003,68
1004,52
1005,7
1012,116
1013,68
1014,37
1014,116
1014,115
1014,21
1015,37
1015,115
1016,116
1017,46
1018,46
1019,46
1020,46
1020,115
1021,46
1022,46
1023,46
1024,46
1025,116
1027,116
1028,21
1028,116
1028,68
1030,116
1031,85
1032,39
1033,101
1034,115
1034,39
1034,116
1035,116
1036,29
1036,115
1036,116
1037,116
1038,46
1040,116
1041,54
1042,54
1043,116
1044,116
1045,54
1046,116
1047,116
1048,60
1049,116
1049,37
1050,24
1050,115
1051,54
1052,54
1053,116
1054,116
1056,116
1058,116
1059,52
1059,115
1060,116
1061,116
1061,46
1062,116
1063,101
1064,116
1065,101
1066,21
1067,24
1067,109
1068,110
1069,116
1070,46
1071,116
1076,116
1076,16
1076,54
1076,103
1076,46
1080,51
1080,116
1081,24
1082,116
1084,116
1085,24
1086,101
1087,78
1088,46
1089,116
1090,116
1091,47
1092,54
1094,46
1098,116
1098,24
1098,115
1099,46
1100,20
1101,116
1102,116
1102,21
1103,116
1104,24
1105,116
1105,21
1106,115
1106,116
1107,116
1108,78
1109,46
1110,75
1111,37
1112,116
1112,115
1112,37
1113,116
1114,116
1115,46
1116,46
1118,60
1118,81
1118,30
1118,89
1119,116
1119,21
1120,116
1120,21
1121,54
1121,116
1122,116
1123,46
1124,117
1124,39
1125,116
1126,115
1127,116
1128,116
1129,116
1130,115
1132,54
1134,116
1135,116
1135,54
1136,116
1137,47
1138,34
1138,93
1139,115
1139,37
1139,86
1139,39
1139,116
1140,116
1141,116
1142,46
1143,116
1144,116
1145,116
1145,115
1146,50
1146,107
1146,115
1146,37
1146,116
1147,116
1147,68
1148,115
1149,101
1150,54
1151,116
1152,24
1152,115
1153,116
1154,115
1154,100
1154,37
1155,116
1156,78
1157,116
1158,116
1159,116
1161,50
1161,115
1161,37
1161,39
1162,115
1163,111
1164,103
1165,103
1166,46
1167,115
1168,52
1169,116
1170,54
1171,91
1171,116
1172,116
1173,100
1174,101
1175,101
1176,115
1176,116
1176,37
1177,54
1178,109
1179,116
1180,116
1180,54
1182,116
1183,115
1185,24
1186,78
1187,54
1188,116
1189,16
1190,116
1191,115
1191,116
1192,116
1193,115
1195,78
1196,116
1197,13
1198,115
1198,116
1199,39
1200,116
1201,116
1202,34
1203,46
1204,116
1204,46
1204,115
1205,116
1206,116
1206,115
1207,115
1209,111
1210,57
1211,101
1212,111
1213,111
1214,116
1216,111
1217,111
1218,115
1219,116
1220,111
1221,103
1221,5
1222,47
1223,116
1224,37
1227,39
1228,46
1229,46
1229,115
1229,37
1229,89
1230,34
1231,46
1232,116
1233,25
1234,78
1235,103
1237,37
1238,47
1239,116
1239,7
1240,116
1241,116
1242,116
1243,116
1244,116
1245,46
1246,116
1249,116
1252,116
1252,115
1253,39
1254,116
1255,116
1257,116
1257,39
1258,54
1259,13
1259,37
1260,116
1261,103
1262,5
1262,23
1264,116
1264,110
1265,116
1266,46
1267,23
1267,16
1268,39
1269,116
1269,25
1270,47
1271,116
1271,25
1273,116
1274,54
1275,116
1276,116
1278,116
1279,116
1280,21
1281,115
1282,46
1283,46
1284,116
1285,21
1285,116
1285,115
1286,101
1287,109
1288,115
1289,116
1291,115
1291,116
1292,46
1293,117
1294,46
1295,39
1296,46
1297,101
1298,116
1299,101
1301,116
1302,115
1303,116
1304,116
1305,116
1306,46
1307,116
1308,116
1309,115
1310,116
1311,116
1312,78
1313,115
1314,116
1315,116
1316,103
1317,46
1318,115
1319,116
1320,68
1321,63
1322,68
1323,103
1324,47
1325,116
1326,106
1327,86
1328,116
1329,116
1330,37
1331,116
1332,116
1333,116
1334,116
1334,19
1334,90
1335,24
1336,116
1337,37
1338,11
1339,103
1340,16
1341,109
1342,116
1343,101
1344,116
1345,52
1346,24
1347,86
1348,103
1348,13
1348,116
1349,116
1350,25
1351,116
1352,68
1353,116
1354,116
1355,21
1356,116
1357,116
1358,115
1359,116
1360,115
1360,116
1360,7
1361,85
1362,116
1363,21
1363,116
1363,37
1364,116
1365,116
1366,37
1367,87
1367,116
1368,116
1369,103
1370,116
1371,115
1372,116
1373,47
1374,111
1375,116
1376,116
1377,46
1378,116
1379,7
1379,116
1380,78
1381,116
1381,115
1384,21
1385,101
1386,54
1387,87
1387,103
1388,116
1388,37
1389,46
1389,116
1390,116
1391,115
1391,50
1392,116
1393,68
1394,116
1395,116
1396,116
1397,116
1398,115
1398,103
1398,116
1399,116
1399,110
1400,116
1401,116
1402,116
1403,116
1404,16
1405,116
1406,44
1406,116
1407,116
1408,116
1408,101
1409,116
1409,21
1410,116
1411,46
1412,116
1413,101
1414,47
1415,47
1416,116
1417,116
1418,5
1420,115
1421,116
1422,37
1423,46
1424,46
1425,21
1425,116
1425,22
1426,116
1427,46
1428,115
1429,46
1429,37
1430,46
1431,116
1432,111
1433,103
1434,47
1435,37
1435,21
1436,21
1436,44
1436,116
1438,116
1439,37
1440,116
1441,68
1441,116
1442,46
1444,116
1445,116
1446,79
1447,116
1448,116
1448,21
1449,116
1450,116
1451,116
1452,116
1453,116
1454,116
1455,116
1456,116
1457,116
1458,116
1459,115
1460,116
1461,68
1462,116
1464,21
1464,115
1464,116
1465,116
1466,116
1467,116
1468,115
1468,39
1468,37
1468,116
1469,101
1470,116
1471,116
1473,46
1474,116
1475,47
1476,47
1477,116
1478,116
1479,30
1479,116
1480,52
1481,115
1482,109
1484,101
1485,116
1486,116
1486,21
1487,116
1488,94
1489,37
1489,3
1490,46
1491,21
1492,46
1493,116
1494,85
1495,116
1496,47
1497,47
1498,85
1499,116
1500,116
1501,109
1502,116
1503,116
1504,101
1505,75
1506,116
1507,115
1507,36
1507,39
1507,116
1507,7
1507,54
1507,37
1507,50
1508,115
1509,115
1510,116
1511,116
1511,115
1512,34
1513,115
1514,116
1515,100
1516,116
1517,79
1518,116
1520,65
1521,46
1522,65
1523,65
1524,25
1525,21
1526,47
1527,85
1528,75
1529,101
1530,85
1531,116
1533,16
1535,85
1535,21
1535,115
1535,116
1536,100
1537,116
1538,116
1539,116
1539,54
1540,54
1541,116
1542,115
1543,46
1544,116
1545,21
1546,116
1547,116
1548,116
1549,116
1550,50
1550,37
1550,45
1550,116
1550,68
1550,13
1550,115
1550,43
1551,116
1552,115
1552,21
1552,116
1553,116
1554,116
1555,60
1556,37
1558,116
1559,116
1560,103
1561,116
1562,46
1563,54
1564,21
1564,116
1566,85
1567,85
1568,85
1569,85
1570,93
1571,34
1572,52
1573,116
1574,116
1575,116
1576,96
1577,116
1578,16
1579,58
1580,116
1581,116
1583,116
1584,101
1585,116
1587,37
1588,109
1589,21
1590,46
1591,116
1592,116
1593,39
1594,100
1595,111
1596,116
1598,116
1599,85
1600,37
1600,13
1602,16
1603,85
1604,115
1605,45
1606,47
1607,86
1608,39
1609,116
1609,37
1609,95
1610,116
1611,116
1611,52
1612,116
1613,116
1614,115
1615,103
1615,52
1616,116
1617,116
1618,116
1619,116
1619,50
1619,115
1619,46
1620,115
1620,96
1621,43
1621,116
1622,7
1622,116
1623,116
1623,21
1624,116
1625,116
1625,66
1625,37
1625,115
1626,101
1627,116
1627,24
1627,21
1628,116
1629,115
1630,85
1631,85
1632,116
1633,116
1634,116
1635,101
1636,116
1637,116
1638,103
1639,46
1640,7
1641,39
1642,116
1643,52
1644,101
1645,85
1646,116
1647,116
1648,85
1649,115
1650,54
1651,115
1651,116
1652,21
1654,46
1655,78
1656,116
1657,116
1658,5
1659,34
1660,116
1661,116
1662,101
1663,34
1664,116
1665,116
1665,91
1666,57
1667,116
1668,24
1670,116
1671,46
1672,116
1673,116
1674,46
1675,46
1676,46
1677,46
1678,85
1679,46
1680,46
1681,46
1682,116
1683,85
1684,46
1685,116
1686,116
1686,54
1687,116
1688,116
1689,116
1690,115
1690,116
1691,116
1692,116
1692,21
1693,116
1694,54
1695,116
1696,21
1697,21
1697,116
1697,50
1698,116
1699,115
1699,116
1700,116
1701,116
1702,116
1703,46
1704,116
1705,16
1706,52
1707,103
1708,85
1709,111
1710,85
1711,116
1712,101
1713,46
1714,5
1715,116
1715,21
1716,16
1717,7
1718,116
1719,116
1720,60
1720,21
1720,37
1721,8
1722,116
1723,116
1725,54
1725,21
1725,116
1726,78
1727,116
1728,109
1729,103
1729,37
1729,21
1730,116
1731,7
1732,116
1733,85
1734,5
1735,21
1736,85
1737,116
1738,34
1739,21
1740,21
1741,106
1742,46
1743,39
1744,54
1747,21
1748,21
1748,116
1749,116
1750,116
1751,116
1752,116
1753,116
1754,21
1755,116
1756,116
1757,116
1758,116
1759,21
1760,30
1760,96
1760,21
1760,116
1761,116
1761,37
1761,30
1762,116
1763,116
1763,24
1763,25
1764,116
1765,115
1765,37
1765,39
1765,116
1766,37
1766,116
1767,101
1768,103
1768,110
1768,116
1769,116
1770,101
1771,116
1772,16
1773,79
1774,7
1775,116
1776,115
1777,78
1778,46
1780,116
1781,37
1782,116
1783,52
1784,68
1784,103
1785,85
1786,116
1788,116
1789,86
1790,116
1791,116
1792,116
1793,5
1794,116
1795,109
1796,46
1797,50
1797,63
1797,13
1798,7
1799,16
1800,39
1801,116
1802,24
1802,116
1803,116
1804,103
1805,116
1806,116
1807,79
1808,85
1809,115
1810,85
1811,21
1811,13
1812,116
1813,21
1813,115
1814,116
1815,115
1816,21
1817,116
1818,60
1819,60
1820,60
1821,60
1821,114
1821,37
1821,107
1821,39
1822,60
1823,37
1823,13
1823,52
1824,60
1825,60
1825,116
1825,114
1826,60
1826,37
1827,37
1827,60
1828,37
1828,60
1828,115
1830,37
1830,79
1830,60
1830,13
1831,60
1832,60
1832,21
1832,37
1833,106
1833,29
1833,115
1833,30
1833,75
1834,116
1835,101
1836,115
1837,57
1838,116
1839,116
1840,37
1841,68
1841,103
1842,116
1843,116
1843,115
1843,46
1844,116
1844,91
1845,116
1846,116
1847,34
1848,115
1849,116
1850,47
1850,75
1851,47
1852,116
1853,116
1854,46
1855,116
1856,109
1857,116
1858,68
1859,46
1860,115
1861,116
1862,46
1863,46
1864,46
1865,116
1866,46
1867,46
1868,116
1869,116
1870,46
1871,111
1871,101
1872,21
1873,116
1874,116
1875,37
1876,101
1877,5
1878,101
1879,116
1879,21
1880,116
1881,91
1882,116
1883,115
1884,21
1885,116
1886,46
1887,116
1887,115
1888,21
1889,111
1892,111
1894,116
1895,116
1896,7
1897,78
1898,46
1899,52
1900,111
1901,116
1902,68
1903,65
1904,95
1904,116
1905,116
1906,100
1907,116
1908,101
1909,54
1910,116
1911,16
1912,116
1913,76
1914,116
1914,68
1916,39
1916,29
1917,116
1917,115
1918,5
1919,54
1921,93
1922,116
1922,17
1923,116
1924,116
1925,116
1926,68
1927,116
1928,73
1929,54
1930,116
1931,115
1931,57
1932,116
1933,116
1934,7
1935,116
1936,116
1937,116
1938,100
1938,116
1939,46
1940,46
1941,46
1942,46
1943,46
1944,46
1945,46
1946,46
1947,46
1948,116
1949,116
1950,116
1951,46
1952,39
1955,116
1956,101
1958,116
1958,46
1959,116
1960,115
1961,116
1962,116
1963,116
1964,54
1965,54
1966,54
1967,54
1968,54
1970,54
1971,34
1972,46
1973,46
1975,46
1976,46
1977,46
1978,46
1979,116
1980,116
1981,116
1982,47
1983,46
1985,37
1986,115
1988,116
1989,39
1990,52
1991,116
1992,115
1992,37
1992,39
1992,103
1994,86
1995,116
1996,116
1997,103
1998,115
1998,37
1998,116
1998,13
1998,63
1998,24
1998,39
1999,115
2000,110
2000,116
2001,115
2002,37
2002,116
2003,116
2004,116
2004,37
2004,21
2004,13
2006,78
2007,115
2007,24
2008,68
2009,37
2010,116
2011,116
2012,39
2012,24
2012,115
2013,103
2014,115
2016,46
2017,46
2018,46
2019,46
2020,46
2021,46
2022,116
2023,116
2024,46
2025,111
2026,46
2027,46
2028,47
2029,34
2030,116
2031,46
2032,37
2033,116
2034,103
2035,5
2036,116
2037,101
2038,101
2039,100
2040,111
2042,116
2043,7
2043,76
2043,116
2044,115
2045,116
2046,116
2047,100
2048,116
2049,78
2050,85
2051,16
2052,47
2053,116
2054,115
2055,116
2056,39
2057,39
2057,116
2058,120
2060,43
2060,45
2060,116
2061,85
2062,75
2063,54
2064,116
2065,30
2066,54
2066,116
2067,54
2068,54
2069,116
2070,37
2071,37
2071,7
2071,39
2072,116
2073,116
2074,116
2075,46
2076,103
2077,116
2078,52
2079,54
2080,116
2080,13
2080,21
2080,37
2081,115
2082,21
2083,46
2084,116
2085,116
2086,115
2086,116
2087,46
2088,100
2088,4
2089,103
2090,54
2091,116
2092,109
2093,116
2094,25
2095,116
2095,85
2096,116
2097,116
2098,115
2099,116
2100,116
2101,116
2103,78
2104,46
2105,68
2106,116
2107,21
2108,116
2109,101
2110,116
2111,34
2112,5
2113,116
2114,116
2116,116
2117,78
2118,47
2119,116
2120,47
2121,115
2121,116
2122,116
2122,115
2122,21
2122,24
2123,101
2125,30
2126,93
2127,46
2128,16
2130,21
2131,116
2131,78
2132,115
2133,116
2134,116
2135,25
2136,116
2137,54
2138,37
2139,115
2139,116
2140,116
2140,37
2141,116
2142,46
2143,116
2144,116
2145,116
2146,54
2147,116
2149,78
2150,116
2150,21
2150,115
2151,39
2152,103
2154,39
2155,116
2156,116
2157,116
2158,116
2159,116
2160,116
2161,21
2162,117
2163,30
2163,116
2164,37
2166,116
2168,116
2169,16
2170,116
2171,116
2172,116
2173,116
2174,116
2175,21
2176,54
2177,116
2178,21
2179,21
2180,111
2180,116
2181,54
2182,116
2184,21
2185,115
2186,39
2187,46
2188,100
2189,116
2190,116
2191,116
2191,21
2192,84
2192,39
2192,79
2193,116
2194,46
2196,78
2197,72
2198,16
2198,37
2199,86
2200,116
2201,116
2202,116
2203,116
2204,116
2205,46
2206,24
2207,46
2208,24
2208,103
2208,101
2208,116
2209,116
2210,78
2211,103
2211,39
2212,54
2213,103
2214,115
2214,116
2215,116
2216,101
2217,100
2218,116
2219,79
2220,116
2221,43
2221,24
2222,115
2224,115
2225,37
2225,13
2225,63
2225,19
2226,37
2227,7
2228,115
2228,7
2229,116
2230,116
2231,16
2232,78
2233,116
2234,37
2234,13
2235,78
2236,68
2238,116
2239,12
2240,78
2241,52
2242,116
2243,7
2244,37
2245,100
2246,16
2247,116
2248,34
2249,116
2250,116
2251,116
2252,13
2254,54
2255,111
2256,101
2257,76
2258,116
2259,7
2260,116
2261,116
2261,37
2263,116
2263,24
2265,46
2266,46
2267,46
2268,46
2269,46
2270,46
2271,46
2272,46
2273,46
2274,46
2275,46
2276,110
2277,46
2278,46
2279,46
2280,46
2281,46
2282,46
2283,46
2284,116
2285,46
2286,46
2287,46
2288,46
2289,46
2290,46
2291,46
2292,46
2293,46
2294,103
2295,116
2296,47
2296,115
2297,107
2297,37
2297,13
2297,116
2298,54
2299,116
2300,116
2301,40
2302,116
2303,16
2304,116
2305,52
2306,115
2307,109
2308,116
2308,21
2309,103
2310,111
2311,21
2312,116
2312,39
2312,21
2313,111
2314,116
2315,115
2315,116
2316,116
2317,103
2317,37
2317,21
2317,116
2318,116
2318,68
2319,37
2320,52
2321,54
2322,116
2323,23
2323,52
2324,115
2324,78
2325,47
2326,78
2328,39
2328,116
2329,7
2330,25
2331,116
2332,116
2333,78
2334,85
2335,46
2337,46
2338,101
2339,46
2340,46
2341,46
2342,116
2343,46
2344,115
2345,23
2346,116
2347,116
2348,46
2349,78
2350,101
2351,116
2352,78
2353,116
2354,46
2355,37
2355,34
2356,116
2357,116
2358,116
2359,37
2360,16
2361,111
2362,34
2362,37
2363,116
2364,37
2364,16
2364,103
2364,13
2365,54
2366,34
2366,3
2367,37
2367,34
2368,34
2369,34
2370,34
2372,85
2373,110
2374,34
2375,60
2376,34
2377,34
2378,21
2378,101
2378,116
2379,116
2380,115
2380,116
2381,116
2382,78
2382,115
2383,116
2384,116
2385,115
2385,116
2386,5
2386,103
2387,65
2388,78
2389,116
2390,46
2391,116
2392,47
2393,46
2394,116
2396,116
2396,37
2396,21
2397,39
2398,116
2399,54
2400,54
2401,68
2402,86
2402,116
2403,114
2403,55
2403,60
2403,93
2404,93
2405,52
2406,116
2407,116
2408,116
2409,101
2410,16
2411,101
2412,116
2413,86
2414,46
2415,46
2416,116
2416,68
2416,103
2416,66
2417,116
2418,116
2419,34
2420,116
2421,46
2422,78
2423,116
2424,116
2424,21
2425,116
2427,54
2428,111
2429,111
2430,34
2431,116
2432,116
2434,34
2435,34
2436,34
2438,34
2439,34
2440,34
2441,21
2442,93
2442,114
2443,34
2444,34
2445,54
2446,46
2447,122
2448,101
2449,114
2450,54
2451,54
2452,54
2452,116
2453,101
2454,101
2455,116
2456,115
2456,39
2456,114
2456,76
2457,90
2457,116
2458,114
2459,46
2460,116
2461,37
2461,34
2462,50
2463,54
2464,114
2465,114
2466,5
2467,7
2468,68
2468,116
2469,7
2470,24
2471,116
2472,116
2473,46
2474,116
2475,47
2476,47
2477,115
2478,78
2479,54
2480,116
2481,21
2482,47
2483,58
2486,23
2487,101
2488,34
2491,34
2492,34
2493,34
2494,21
2494,78
2495,116
2497,115
2498,116
2499,68
2500,25
2501,46
2502,34
2503,34
2504,34
2505,34
2506,34
2507,34
2508,116
2509,116
2510,34
2511,34
2512,93
2512,75
2512,39
2512,55
2512,114
2512,116
2513,34
2514,78
2515,115
2516,116
2517,58
2518,101
2519,101
2520,116
2521,60
2522,103
2523,37
2524,116
2525,116
2526,54
2527,116
2528,110
2529,101
2530,7
2531,115
2531,103
2532,47
2533,47
2534,114
2535,46
2537,68
2538,78
2539,58
2540,46
2541,116
2542,114
2543,21
2544,116
2545,46
2546,46
2547,36
2547,37
2548,116
2549,116
2550,116
2551,52
2552,116
2553,21
2554,115
2554,39
2554,116
2554,37
2555,21
2556,114
2557,58
2558,24
2559,47
2560,116
2562,116
2563,46
2563,115
2563,24
2563,21
2563,54
2563,101
2563,116
2564,16
2565,46
2566,5
2567,116
2568,25
2571,116
2572,116
2573,116
2574,116
2576,116
2577,116
2578,116
2579,37
2579,13
2580,116
2581,116
2582,116
2583,116
2584,91
2585,100
2586,52
2586,115
2586,37
2587,54
2588,46
2589,21
2590,46
2591,7
2591,116
2592,116
2593,116
2597,116
2597,115
2598,116
2599,54
2600,116
2600,68
2600,25
2601,116
2601,21
2602,16
2603,54
2604,109
2605,116
2606,111
2607,101
2608,78
2609,116
2610,115
2611,46
2612,100
2613,111
2614,111
2614,46
2615,34
2616,111
2617,111
2618,52
2618,111
2619,111
2621,111
2622,111
2623,116
2624,34
2625,90
2626,46
2627,46
2628,116
2629,115
2630,46
2631,34
2632,101
2633,115
2633,116
2633,54
2634,34
2635,37
2635,13
2635,116
2636,34
2637,34
2638,34
2639,34
2641,115
2643,46
2644,111
2645,46
2646,54
2646,116
2647,47
2648,47
2649,68
2650,47
2651,101
2652,116
2653,116
2654,86
2655,78
2656,103
2657,21
2657,116
2657,115
2658,115
2659,54
2660,116
2661,88
2661,116
2661,25
2662,116
2663,116
2664,46
2665,46
2666,101
2667,116
2668,111
2669,37
2669,13
2670,68
2671,46
2672,39
2673,116
2674,103
2674,39
2675,117
2675,5
2676,37
2677,51
2678,116
2678,115
2678,54
2679,116
2680,16
2681,116
2682,111
2683,85
2684,46
2685,116
2686,46
2687,116
2688,78
2689,78
2690,116
2691,21
2692,116
2693,116
2693,5
2694,115
2694,52
2695,37
2696,116
2697,52
2698,116
2699,54
2701,85
2702,116
2703,116
2704,116
2705,116
2706,116
2707,50
2707,115
2708,116
2709,23
2710,116
2711,116
2712,103
2713,115
2713,37
2713,13
2713,21
2713,116
2714,54
2715,54
2716,46
2717,46
2717,116
2718,46
2719,116
2720,106
2721,46
2721,116
2722,46
2723,46
2724,46
2725,46
2726,46
2727,46
2728,116
2729,46
2730,46
2731,46
2732,46
2733,46
2734,46
2735,46
2736,46
2737,115
2738,46
2739,46
2741,54
2742,46
2743,115
2744,116
2745,75
2745,39
2745,30
2745,115
2746,116
2747,115
2748,46
2749,24
2750,116
2751,46
2752,46
2754,116
2755,116
2756,21
2757,46
2758,116
2759,21
2759,116
2761,46
2762,101
2763,116
2764,116
2765,116
2766,46
2767,46
2768,116
2769,21
2770,21
2771,21
2772,116
2774,44
2776,110
2777,39
2778,39
2779,116
2780,116
2781,44
2782,103
2783,116
2784,8
2784,39
2785,109
2785,24
2787,5
2789,116
2789,54
2790,68
2791,116
2792,116
2793,46
2794,115
2795,115
2796,116
2797,52
2798,37
2799,116
2800,54
2800,116
2801,93
2802,116
2803,106
2804,54
2805,75
2806,115
2807,116
2808,115
2808,116
2808,50
2809,116
2810,116
2811,46
2814,116
2816,46
2817,116
2818,100
2819,79
2820,7
2821,116
2822,101
2822,116
2823,116
2824,111
2825,45
2826,116
2827,116
2828,16
2828,115
2829,21
2829,116
2830,116
2831,80
2831,116
2833,100
2834,46
2835,37
2836,116
2837,116
2838,103
2839,116
2840,78
2842,46
2843,110
2844,90
2844,37
2844,107
2844,39
2845,116
2846,90
2847,103
2848,116
2848,21
2849,16
2850,116
2851,46
2852,100
2853,115
2854,116
2855,54
2856,39
2857,46
2860,116
2861,115
2861,116
2861,37
2862,116
2863,100
2864,116
2866,37
2867,115
2867,21
2867,116
2868,116
2869,25
2870,46
2871,100
2872,103
2873,68
2874,46
2875,116
2876,54
2877,54
2878,93
2879,78
2880,78
2881,116
2882,78
2883,78
2884,116
2886,78
2887,116
2888,116
2889,101
2890,116
2891,21
2892,116
2893,101
2895,5
2896,39
2897,46
2898,116
2899,46
2900,100
2901,16
2902,90
2902,115
2903,116
2904,37
2904,66
2904,116
2905,116
2906,116
2907,78
2908,116
2909,116
2911,28
2912,115
2912,37
2912,13
2912,50
2912,116
2913,85
2914,86
2915,39
2916,100
2917,46
2918,46
2919,78
2920,54
2921,116
2922,68
2922,116
2924,110
2925,100
2926,116
2927,116
2928,116
2929,116
2930,68
2931,47
2932,116
2933,116
2934,116
2934,79
2934,21
2935,86
2935,116
2936,46
2937,40
2938,116
2939,78
2940,116
2941,46
2942,21
2942,116
2944,116
2945,116
2946,54
2947,57
2947,116
2948,116
2949,116
2950,116
2951,116
2952,116
2953,116
2954,116
2955,46
2956,103
2957,116
2958,46
2959,54
2960,101
2961,116
2962,21
2962,100
2963,37
2963,101
2963,54
2963,116
2964,75
2965,115
2966,54
2967,54
2968,116
2969,116
2970,46
2971,54
2972,68
2973,37
2974,78
2975,52
2976,116
2977,103
2978,54
2979,116
2980,115
2981,116
2982,37
2982,13
2984,115
2985,16
2986,46
2987,46
2988,46
2989,116
2990,109
2991,100
2993,78
2994,116
2995,116
2996,116
2997,68
2998,116
2999,54
3000,109
3000,65
3001,116
3002,116
3003,117
3003,5
3003,39
3003,103
3004,116
3005,46
3006,116
3007,46
3008,116
3009,116
3009,115
3009,37
3009,39
3009,54
3010,116
3011,75
3012,21
3013,39
3014,116
3015,116
3016,24
3017,116
3017,37
3017,54
3018,116
3019,115
3019,37
3019,116
3020,54
3021,54
3022,115
3022,116
3023,46
3024,103
3024,37
3024,116
3025,116
3026,8
3027,116
3028,116
3029,37
3030,86
3032,116
3033,46
3034,116
3035,115
3036,116
3037,46
3038,116
3039,115
3040,7
3041,37
3042,116
3043,116
3044,116
3045,103
3046,115
3047,68
3048,21
3049,46
3050,116
3051,13
3052,47
3052,101
3052,96
3053,101
3054,21
3055,115
3056,54
3058,116
3059,116
3059,101
3060,101
3060,116
3061,46
3062,116
3063,116
3063,103
3064,101
3066,116
3067,75
3067,39
3067,52
3067,21
3068,103
3068,39
3068,30
3068,116
3069,68
3069,103
3070,54
3071,47
3072,101
3074,116
3075,101
3076,116
3077,101
3078,46
3079,46
3080,54
3081,116
3082,116
3083,79
3083,106
3085,101
3085,21
3085,116
3085,24
3086,101
3088,24
3089,54
3090,54
3091,100
3092,5
3092,117
3092,95
3093,116
3095,52
3096,37
3097,116
3098,116
3099,54
3100,116
3101,51
3101,116
3102,37
3102,54
3103,116
3104,54
3105,68
3106,116
3107,116
3108,116
3109,116
3110,7
3111,78
3112,67
3112,100
3113,78
3115,78
3117,115
3117,52
3118,116
3118,86
3119,116
3119,68
3120,37
3121,86
3122,115
3122,116
3123,116
3124,116
3125,11
3126,115
3126,116
3126,39
3126,30
3126,13
3126,54
3127,46
3128,101
3129,116
3130,101
3131,78
3132,46
3133,46
3134,46
3135,46
3135,39
3136,46
3137,46
3138,54
3140,46
3141,78
3142,46
3143,46
3144,46
3145,40
3146,46
3147,116
3148,46
3149,116
3150,46
3151,116
3152,78
3153,100
3154,78
3156,109
3158,115
3159,46
3159,115
3159,21
3159,116
3160,34
3161,116
3162,116
3163,116
3164,46
3165,16
3166,116
3167,78
3169,116
3170,115
3170,116
3171,54
3172,78
3173,116
3174,54
3175,16
3176,116
3177,103
3179,78
3180,115
3180,78
3181,116
3182,116
3183,116
3184,116
3185,24
3186,25
3187,116
3188,116
3189,116
3190,46
3191,116
3192,85
3192,116
3193,116
3194,46
3195,7
3196,46
3197,46
3198,115
3199,46
3201,110
3202,46
3203,37
3204,90
3204,17
3204,44
3205,101
3206,117
3206,42
3207,46
3208,37
3208,94
3208,13
3209,115
3209,21
3210,78
3211,37
3212,100
3213,68
3213,116
3213,103
3213,25
3215,78
3216,78
3218,78
3219,116
3220,54
3221,16
3222,116
3223,37
3224,116
3225,46
3227,21
3227,79
3228,116
3229,116
3230,116
3231,86
3233,68
3234,46
3235,103
3236,116
3237,24
3238,37
3239,116
3240,54
3241,116
3242,116
3243,116
3244,16
3245,116
3246,96
3246,116
3247,116
3247,21
3248,116
3249,116
3250,110
3251,116
3252,46
3253,39
3254,68
3255,46
3256,37
3257,116
3259,109
3260,36
3260,39
3260,13
3261,116
3262,115
3262,37
3263,116
3263,23
3264,109
3265,115
3265,54
3265,116
3266,25
3267,5
3268,46
3269,46
3270,116
3271,101
3272,54
3273,54
3274,103
3274,115
3275,109
3276,116
3277,109
3278,101
3279,46
3279,116
3280,68
3281,54
3282,110
3283,116
3284,111
3286,37
3287,110
3288,5
3288,116
3288,68
3289,101
3290,116
3291,116
3292,24
3293,116
3294,46
3295,115
3296,115
3296,21
3296,116
3297,116
3298,37
3299,25
3300,46
3301,116
3302,54
3303,24
3303,43
3304,16
3305,116
3306,116
3307,115
3308,116
3309,101
3310,116
3311,115
3312,116
3313,46
3314,116
3315,116
3316,116
3317,116
3318,116
3318,21
3319,116
3320,116
3320,101
3320,54
3321,116
3321,21
3322,116
3323,116
3324,116
3324,21
3325,116
3326,116
3327,103
3328,116
3329,37
3330,116
3331,116
3332,116
3333,115
3334,54
3335,46
3336,116
3337,54
3338,116
3339,116
3340,54
3341,54
3342,54
3343,116
3343,54
3344,116
3345,116
3346,21
3346,7
3348,115
3348,44
3348,7
3349,52
3349,13
3350,68
3351,21
3352,5
3352,103
3353,39
3354,68
3355,5
3356,116
3356,54
3357,109
3359,101
3360,46
3361,101
3363,116
3364,116
3365,116
3366,68
3366,116
3367,115
3368,24
3369,24
3370,116
3371,16
3372,111
3373,116
3374,103
3375,116
3375,115
3375,39
3376,5
3378,37
3379,103
3380,116
3381,107
3382,24
3383,116
3384,116
3385,96
3385,65
3386,116
3387,116
3388,43
3388,24
3389,116
3390,115
3392,37
3392,13
3392,63
3392,90
3392,21
3392,116
3393,100
3393,78
3399,116
3401,115
3402,115
3403,111
3404,46
3406,103
3407,116
3408,78
3409,115
3410,116
3411,75
3412,78
3413,46
3414,47
3415,24
3416,7
3417,101
3418,116
3419,116
3420,101
3421,101
3422,116
3422,115
3423,116
3424,111
3425,21
3426,37
3427,101
3428,111
3429,116
3430,116
3431,116
3432,78
3433,54
3434,37
3435,103
3435,37
3438,54
3439,116
3440,116
3441,116
3442,116
3443,116
3444,47
3445,68
3446,101
3447,46
3448,115
3448,43
3449,111
3450,115
3450,21
3451,21
3451,116
3452,111
3453,115
3454,116
3455,116
3457,116
3458,116
3459,116
3460,68
3461,116
3462,101
3463,101
3464,46
3465,46
3466,75
3467,46
3468,46
3469,46
3471,101
3472,116
3473,39
3473,116
3474,101
3475,101
3476,116
3477,116
3478,116
3479,115
3481,54
3482,46
3483,111
3484,5
3485,116
3485,21
3486,116
3487,46
3488,43
3488,24
3489,68
3490,116
3491,116
3491,68
3492,7
3495,116
3496,116
3497,46
3498,116
3499,46
3500,101
3501,116
3503,39
3504,103
3505,116
3506,116
3507,103
3508,111
3509,21
3510,46
3511,101
3512,115
3513,116
3514,116
3515,116
3516,116
3517,46
3518,116
3519,116
3520,54
3521,111
3522,37
3523,24
3524,116
3526,116
3527,116
3528,116
3529,116
3529,115
3530,115
3531,46
3532,46
3533,46
3534,111
3535,37
3536,116
3537,80
3538,46
3539,16
3539,116
3541,116
3542,54
3543,30
3543,16
3543,37
3543,87
3543,106
3544,115
3545,116
3546,114
3547,24
3547,115
3549,25
3550,23
3552,115
3552,116
3553,25
3554,116
3554,21
3555,103
3556,116
3557,16
3558,116
3559,115
3560,116
3561,43
3562,116
3564,46
3565,46
3566,24
3566,109
3567,46
3568,116
3570,46
3570,111
3572,116
3573,85
3574,115
3575,115
3576,103
3577,5
3578,91
3579,116
3580,25
3581,101
3581,116
3582,116
3583,116
3584,116
3585,21
3586,24
3587,103
3588,103
3589,116
3589,54
3590,46
3590,116
3591,109
3592,16
3594,46
3595,46
3596,116
3597,68
3598,116
3599,116
3601,116
3602,116
3603,46
3604,116
3605,16
3606,116
3607,101
3608,60
3609,116
3610,65
3610,96
3610,43
3611,101
3612,101
3613,101
3614,101
3615,101
3616,116
3617,46
3618,116
3619,85
3620,116
3621,116
3622,116
3623,116
3624,116
3624,54
3625,116
3626,68
3627,75
3628,116
3630,115
3630,116
3631,46
3632,46
3633,110
3634,7
3635,21
3637,116
3638,103
3639,85
3639,96
3640,37
3640,13
3641,101
3642,5
3643,116
3644,116
3645,7
3645,21
3646,116
3647,116
3648,43
3649,43
3650,43
3650,24
3651,43
3651,24
3652,43
3653,103
3654,116
3655,116
3656,46
3657,101
3658,116
3659,46
3660,116
3661,24
3662,46
3663,116
3664,54
3665,54
3666,54
3667,54
3668,116
3669,103
3670,106
3671,109
3671,24
3671,37
3671,116
3673,39
3674,101
3676,37
3676,116
3677,39
3677,52
3679,103
3680,116
3681,116
3682,5
3683,24
3684,116
3686,116
3687,116
3688,7
3689,110
3690,110
3691,101
3692,116
3693,116
3694,116
3695,37
3696,37
3697,54
3698,116
3698,103
3699,110
3700,46
3701,116
3702,46
3703,116
3704,25
3704,84
3704,115
3705,116
3706,7
3707,68
3708,7
3708,116
3709,103
3710,115
3712,68
3713,54
3714,46
3715,46
3716,116
3717,54
3718,110
3718,24
3718,116
3719,5
3719,116
3720,25
3721,54
3722,116
3723,5
3724,54
3725,54
3726,116
3727,76
3728,116
3729,54
3730,46
3731,37
3732,116
3733,16
3734,116
3735,116
3736,39
3737,54
3738,54
3739,106
3739,116
3740,46
3741,46
3742,54
3743,24
3744,103
3745,13
3746,116
3747,37
3747,13
3748,16
3750,116
3751,46
3752,116
3753,116
3754,116
3755,68
3756,55
3757,116
3758,47
3759,116
3760,116
3761,65
3762,117
3762,103
3762,68
3763,116
3764,103
3765,7
3766,46
3767,37
3767,63
3767,21
3768,39
3769,46
3770,116
3771,116
3772,116
3773,39
3774,54
3775,115
3776,75
3777,116
3778,116
3779,116
3780,116
3781,101
3782,46
3783,109
3784,46
3785,54
3786,90
3787,43
3788,21
3789,46
3791,46
3792,24
3793,116
3794,101
3795,116
3796,116
3798,8
3799,116
3800,116
3801,116
3802,116
3804,116
3804,68
3805,46
3806,116
3807,116
3808,68
3809,68
3810,103
3811,30
3811,103
3812,103
3813,116
3814,85
3816,52
3817,116
3818,115
3819,116
3820,46
3821,115
3822,115
3823,46
3824,5
3826,116
3827,54
3828,116
3829,116
3830,116
3831,76
3832,24
3832,43
3833,23
3833,5
3834,37
3835,43
3835,24
3836,116
3837,103
3839,16
3840,24
3841,116
3842,116
3843,109
3853,101
3855,58
3856,60
3858,115
3858,13
3858,106
3859,24
3860,116
3861,68
3862,21
3862,16
3863,103
3864,116
3865,115
3866,101
3867,116
3868,116
3869,46
3870,116
3871,54
3872,115
3873,116
3874,65
3875,46
3876,43
3877,109
3878,116
3879,43
3880,54
3882,109
3884,109
3885,116
3886,46
3887,68
3887,116
3888,116
3889,25
3890,111
3891,46
3892,116
3893,116
3895,30
3898,109
3899,7
3900,46
3901,109
3902,54
3902,116
3903,16
3904,116
3905,52
3905,37
3906,115
3907,68
3909,115
3911,46
3912,46
3913,116
3914,46
3914,37
3915,46
3916,46
3917,46
3918,46
3919,46
3920,116
3921,116
3922,103
3923,111
3924,111
3925,52
3926,116
3927,116
3928,116
3929,101
3930,16
3931,21
3931,39
3932,116
3933,46
3935,116
3936,116
3937,115
3938,116
3939,116
3939,115
3940,46
3941,106
3942,65
3943,21
3943,116
3944,116
3945,68
3946,116
3947,101
3949,47
3950,60
3951,46
3952,65
3953,116
3955,24
3956,80
3956,114
3957,101
3958,116
3959,116
3959,54
3960,116
3961,40
3961,116
3962,115
3963,46
3964,68
3964,36
3965,37
3966,116
3967,116
3968,116
3970,115
3971,37
3971,21
3972,54
3973,47
3974,47
3975,116
3976,46
3978,103
3979,110
3980,116
3981,68
3982,46
3983,103
3984,116
3986,116
3987,116
3989,21
3990,54
3991,85
3992,85
3993,85
3994,85
3995,85
3996,117
3998,46
3999,54
4000,116
4001,116
4002,109
4003,114
4003,115
4003,46
4004,37
4004,13
4005,52
4006,75
4006,13
4007,103
4008,116
4009,116
4010,116
4011,116
4012,116
4012,109
4014,65
4015,115
4017,115
4018,85
4019,85
4020,85
4021,85
4022,85
4023,34
4024,34
4025,116
4027,34
4028,34
4029,116
4031,34
4032,114
4033,111
4034,116
4035,37
4037,116
4038,116
4039,85
4040,85
4041,85
4042,85
4043,116
4044,7
4045,101
4046,116
4047,85
4048,85
4049,54
4051,8
4051,49
4051,116
4052,110
4053,110
4054,37
4054,13
4055,46
4058,21
4059,21
4060,116
4060,37
4061,116
4063,115
4063,64
4064,54
4065,83
4065,5
4066,116
4067,103
4067,37
4068,103
4068,37
4069,85
4070,85
4071,85
4072,85
4073,46
4074,85
4075,85
4076,85
4077,85
4078,85
4079,85
4080,116
4081,116
4082,46
4083,103
4084,116
4085,116
4086,46
4087,116
4088,37
4089,46
4090,115
4091,16
4092,101
4093,116
4094,21
4095,46
4096,115
4096,91
4096,116
4097,116
4098,46
4099,46
4100,116
4101,16
4102,46
4103,46
4104,46
4105,30
4107,46
4108,46
4109,46
4111,76
4112,5
4113,46
4114,103
4115,116
4115,21
4116,116
4117,103
4118,116
4119,109
4120,13
4121,116
4122,116
4123,116
4124,116
4125,103
4126,34
4127,34
4128,101
4129,116
4130,115
4131,34
4132,54
4133,101
4134,115
4135,46
4136,116
4137,109
4138,116
4139,116
4140,116
4141,116
4142,116
4143,116
4144,91
4145,54
4146,116
4146,21
4147,116
4148,65
4149,24
4149,43
4152,46
4152,80
4153,46
4155,101
4156,103
4158,47
4158,96
4159,46
4160,47
4161,47
4162,47
4163,109
4164,116
4165,85
4166,103
4166,13
4167,115
4168,68
4169,103
4170,5
4170,103
4171,116
4171,39
4173,116
4174,5
4175,111
4176,115
4176,116
4177,116
4178,116
4179,116
4181,16
4182,68
4183,46
4184,115
4186,116
4187,80
4188,46
4189,46
4190,109
4191,46
4192,80
4193,101
4194,116
4195,47
4196,47
4197,109
4198,46
4199,85
4201,116
4202,50
4203,115
4204,116
4205,103
4206,116
4207,103
4207,115
4208,51
4209,54
4210,46
4211,11
4212,110
4213,45
4213,106
4213,13
4215,78
4218,115
4219,116
4220,110
4221,116
4222,46
4223,116
4224,54
4225,46
4226,46
4227,26
4228,116
4229,116
4230,115
4232,115
4233,115
4234,116
4236,115
4237,68
4238,116
4239,116
4240,116
4241,116
4242,109
4244,54
4245,116
4246,116
4247,115
4248,115
4249,116
4250,116
4252,110
4253,117
4253,5
4253,103
4254,116
4255,51
4256,46
4257,116
4258,46
4260,103
4261,116
4262,109
4263,115
4263,50
4263,116
4265,115
4267,116
4268,37
4268,13
4269,116
4270,109
4271,54
4272,109
4273,109
4274,39
4275,54
4276,86
4276,116
4277,111
4278,96
4279,54
4280,54
4281,96
4282,96
4283,96
4284,46
4285,116
4286,46
4287,116
4288,46
4289,24
4290,116
4291,116
4292,116
4293,21
4293,39
4293,37
4293,116
4294,116
4295,115
4295,54
4296,116
4297,115
4298,85
4299,116
4300,116
4301,116
4302,116
4303,103
4304,46
4305,101
4307,68
4307,116
4308,116
4309,116
4310,7
4311,21
4311,116
4312,116
4313,54
4314,116
4315,116
4316,52
4317,39
4318,116
4320,115
4320,116
4321,116
4322,7
4325,116
4327,101
4328,101
4329,80
4330,24
4330,43
4331,43
4332,68
4333,79
4333,30
4333,75
4333,106
4334,43
4334,24
4335,43
4336,46
4337,65
4338,43
4339,43
4339,24
4340,7
4342,43
4342,24
4342,116
4343,24
4343,43
4344,43
4346,43
4347,46
4348,116
4349,43
4350,24
4351,86
4351,116
4352,116
4353,50
4353,21
4354,116
4355,68
4356,52
4356,107
4356,37
4356,39
4357,54
4358,46
4359,46
4360,116
4360,21
4361,37
4362,68
4362,75
4363,116
4364,116
4364,106
4365,116
4366,21
4367,103
4368,115
4369,116
4370,116
4371,103
4374,116
4374,21
4375,47
4376,47
4377,116
4378,116
4379,116
4380,24
4381,116
4381,68
4382,116
4383,116
4384,37
4384,13
4385,21
4386,116
4387,116
4388,16
4389,46
4391,21
4392,46
4393,47
4394,46
4395,46
4396,46
4397,103
4398,85
4400,30
4401,39
4401,37
4401,91
4402,43
4403,39
4404,116
4405,115
4405,116
4406,16
4407,25
4408,101
4408,116
4409,116
4410,37
4410,13
4411,116
4412,46
4413,116
4414,65
4415,16
4417,116
4418,116
4419,37
4419,48
4419,116
4420,116
4421,46
4422,46
4423,46
4424,46
4425,46
4426,46
4427,46
4428,46
4429,21
4430,46
4431,5
4432,115
4432,46
4433,46
4434,46
4435,116
4436,16
4437,116
4438,46
4439,46
4440,46
4441,46
4442,46
4443,46
4444,46
4445,46
4446,46
4447,46
4448,116
4449,46
4450,46
4451,116
4452,46
4453,46
4454,46
4455,46
4456,46
4457,46
4458,46
4459,46
4460,46
4461,116
4463,116
4464,100
4465,46
4466,46
4467,46
4468,103
4468,37
4469,85
4470,54
4471,43
4471,24
4473,91
4473,86
4473,95
4474,103
4474,87
4475,25
4476,116
4476,115
4477,116
4477,29
4478,46
4479,116
4480,116
4481,116
4483,116
4484,24
4485,116
4486,116
4487,84
4488,24
4489,7
4490,116
4491,68
4491,5
4493,115
4493,21
4493,116
4493,22
4494,101
4495,116
4496,116
4497,46
4499,110
4500,43
4500,24
4501,47
4501,116
4502,115
4503,46
4504,21
4505,7
4506,116
4507,46
4508,46
4509,115
4510,46
4511,115
4511,116
4513,103
4513,37
4514,116
4516,47
4517,116
4518,116
4519,116
4520,116
4520,51
4520,115
4520,21
4523,79
4523,45
4523,116
4524,16
4525,116
4526,116
4527,65
4528,116
4529,116
4531,29
4531,116
4532,54
4533,115
4534,116
4536,101
4538,115
4538,46
4538,116
4539,116
4540,116
4540,17
4541,116
4543,115
4545,115
4546,115
4547,116
4548,115
4549,115
4550,115
4551,115
4551,121
4552,115
4553,115
4554,116
4554,115
4555,115
4556,115
4557,46
4558,21
4559,46
4560,46
4561,46
4562,46
4563,46
4564,46
4566,46
4568,46
4569,46
4570,46
4571,116
4572,46
4573,46
4574,46
4575,46
4576,46
4577,46
4578,46
4579,46
4580,46
4581,46
4582,46
4583,46
4584,46
4585,46
4586,46
4587,46
4588,46
4589,46
4590,116
4591,116
4591,21
4592,116
4593,46
4594,46
4595,46
4596,46
4597,46
4597,116
4598,46
4599,46
4600,46
4601,46
4602,46
4603,46
4604,46
4605,116
4606,46
4608,46
4609,115
4610,46
4611,46
4612,46
4613,46
4614,46
4614,7
4615,46
4616,80
4617,116
4617,115
4618,16
4619,24
4620,116
4621,116
4622,116
4623,21
4624,101
4624,116
4625,47
4626,103
4627,115
4627,116
4629,54
4630,116
4631,116
4632,16
4633,116
4634,54
4635,21
4635,116
4636,60
4637,116
4639,68
4640,116
4642,51
4642,116
4643,116
4644,24
4645,116
4646,101
4647,52
4648,116
4650,75
4652,116
4653,116
4654,116
4656,116
4657,24
4657,21
4657,116
4658,116
4659,116
4660,13
4660,115
4660,116
4661,46
4662,115
4662,116
4663,110
4664,116
4665,109
4666,37
4666,13
4667,46
4668,46
4669,46
4670,46
4670,39
4670,8
4671,7
4672,37
4673,103
4674,116
4674,29
4675,116
4676,103
4677,116
4677,16
4677,101
4677,68
4677,54
4677,39
4679,25
4680,46
4681,46
4682,46
4683,116
4684,116
4686,46
4687,21
4688,24
4689,116
4690,115
4691,46
4692,46
4693,46
4694,46
4695,46
4696,116
4697,116
4698,103
4698,68
4699,116
4700,101
4701,46
4702,116
4702,46
4703,7
4704,116
4705,116
4706,115
4706,37
4706,116
4707,116
4708,116
4709,5
4709,103
4710,116
4712,109
4713,46
4714,46
4715,46
4716,24
4716,54
4717,103
4719,116
4720,46
4721,46
4722,46
4723,46
4724,46
4725,46
4726,46
4727,46
4728,46
4729,46
4730,46
4731,46
4732,46
4733,46
4734,46
4735,46
4736,46
4737,46
4738,46
4739,68
4740,116
4741,5
4741,37
4742,54
4743,54
4744,37
4745,54
4746,7
4747,7
4748,7
4749,37
4749,13
4750,68
4751,68
4751,116
4752,116
4753,54
4754,7
4754,116
4755,103
4756,46
4757,116
4758,103
4759,115
4760,76
4761,24
4761,116
4761,115
4762,116
4763,116
4764,54
4765,21
4765,116
4766,16
4767,103
4769,103
4770,54
4771,7
4772,116
4773,24
4774,116
4775,116
4776,68
4777,51
4778,115
4779,116
4780,101
4781,116
4782,5
4783,116
4784,103
4785,37
4785,63
4785,116
4786,116
4787,116
4788,116
4789,116
4790,24
4790,116
4790,7
4791,46
4792,116
4793,46
4794,46
4795,116
4796,46
4797,46
4798,46
4799,116
4800,68
4801,46
4802,116
4803,46
4804,116
4805,116
4806,103
4807,115
4808,115
4809,23
4810,115
4810,116
4811,25
4811,68
4812,116
4813,116
4814,116
4814,21
4815,116
4816,16
4817,54
4818,37
4819,116
4820,116
4820,21
4820,50
4821,115
4822,116
4823,24
4824,7
4825,116
4826,46
4827,51
4828,84
4829,116
4830,103
4831,23
4831,84
4834,116
4835,7
4836,68
4837,37
4838,116
4839,54
4840,46
4841,110
4842,37
4843,116
4844,39
4845,116
4846,116
4847,116
4848,103
4849,101
4850,5
4851,116
4852,116
4853,116
4853,68
4854,54
4855,116
4856,100
4858,21
4858,116
4858,37
4859,116
4860,5
4860,52
4861,46
4862,54
4863,54
4864,116
4865,116
4866,116
4867,68
4868,116
4869,115
4869,116
4870,116
4871,116
4872,39
4873,116
4874,21
4874,54
4874,116
4875,116
4876,115
4876,21
4876,116
4876,39
4877,37
4878,116
4879,52
4879,107
4879,2
4879,86
4880,116
4880,54
4880,21
4881,68
4882,24
4882,43
4883,103
4884,25
4885,19
4886,46
4887,46
4888,52
4888,116
4888,5
4889,116
4890,5
4890,103
4891,116
4892,21
4894,103
4896,116
4899,37
4900,46
4902,116
4903,103
4904,93
4904,108
4904,34
4904,60
4904,58
4905,46
4906,37
4908,116
4910,103
4912,116
4913,116
4916,39
4917,116
4918,16
4919,101
4920,116
4921,116
4922,21
4922,116
4923,116
4924,16
4925,39
4926,37
4927,116
4928,116
4928,21
4928,47
4928,115
4928,24
4928,96
4929,116
4930,37
4931,116
4932,25
4933,115
4934,85
4935,116
4936,116
4937,103
4937,25
4938,116
4939,116
4940,68
4940,116
4941,5
4942,115
4942,100
4942,7
4942,116
4943,37
4944,17
4945,37
4946,46
4947,116
4948,5
4948,16
4948,37
4948,86
4948,39
4948,30
4949,46
4950,106
4951,116
4952,115
4953,46
4954,46
4955,46
4956,46
4957,46
4958,115
4959,115
4960,116
4961,116
4962,116
4963,68
4964,115
4964,103
4964,116
4964,39
4965,21
4966,21
4967,21
4968,115
4969,115
4970,85
4970,89
4971,116
4972,75
4972,13
4972,39
4972,55
4973,116
4974,115
4975,116
4976,46
4977,116
4978,114
4978,116
4979,5
4980,116
4981,116
4983,54
4984,106
4985,34
4986,13
4987,86
4988,101
4989,54
4990,115
4991,116
4992,54
4993,115
4993,116
4994,116
4995,101
4996,46
4997,17
4997,116
4998,79
4998,39
4998,106
4999,116
5001,116
5002,5
5003,23
5004,21
5005,21
5006,116
5007,116
5008,46
5009,46
5010,46
5011,116
5012,39
5013,46
5014,103
5015,46
5016,21
5017,21
5018,21
5019,21
5020,21
5021,46
5022,46
5023,101
5024,115
5025,116
5026,103
5027,101
5027,24
5028,37
5029,115
5029,39
5030,116
5031,115
5032,101
5033,115
5034,54
5035,5
5036,116
5037,116
5038,116
5039,54
5040,116
5041,46
5042,116
5043,115
5043,21
5044,38
5045,116
5047,116
5048,116
5049,116
5051,44
5052,101
5053,116
5053,68
5054,116
5055,116
5056,39
5057,116
5058,115
5059,103
5060,116
5061,96
5062,68
5063,5
5064,116
5065,17
5065,116
5066,101
5067,25
5068,116
5070,116
5070,76
5071,54
5072,116
5073,116
5074,21
5074,116
5075,115
5076,103
5077,25
5078,54
5079,116
5080,102
5080,46
5081,46
5082,7
5082,114
5083,116
5084,29
5084,116
5085,116
5086,101
5087,116
5088,25
5089,46
5091,115
5091,116
5092,116
5093,54
5094,116
5095,103
5096,54
5097,54
5098,115
5099,54
5100,37
5101,116
5102,116
5103,21
5104,37
5105,37
5107,39
5108,116
5109,116
5111,116
5112,115
5113,7
5113,116
5114,116
5115,5
5116,21
5117,68
5117,116
5118,115
5119,21
5119,39
5119,100
5120,101
5122,116
5123,46
5124,116
5125,101
5125,24
5125,116
5126,116
5127,116
5128,116
5130,116
5131,46
5132,46
5132,102
5133,7
5133,116
5134,116
5135,116
5136,46
5137,54
5137,116
5138,116
5139,116
5140,65
5141,116
5142,54
5143,46
5143,68
5144,38
5144,39
5144,37
5145,37
5147,114
5147,90
5148,116
5149,116
5150,115
5151,115
5152,46
5153,116
5154,103
5155,54
5158,101
5159,116
5160,116
5161,7
5161,21
5162,116
5163,116
5164,116
5165,21
5165,116
5166,116
5167,116
5168,116
5169,116
5170,54
5171,91
5172,116
5173,21
5174,54
5175,54
5176,116
5177,68
5178,16
5179,54
5180,116
5181,116
5182,116
5183,116
5184,46
5186,21
5187,46
5188,103
5189,114
5190,39
5191,24
5196,96
5197,116
5198,116
5199,116
5200,21
5201,116
5202,116
5203,116
5204,116
5205,115
5206,21
5206,116
5207,115
5208,116
5209,116
5210,116
5211,116
5212,116
5213,37
5214,116
5215,46
5218,46
5219,76
5220,37
5221,46
5221,65
5222,116
5223,39
5223,55
5223,75
5224,111
5224,37
5224,39
5224,86
5225,68
5226,115
5227,116
5228,116
5229,93
5230,103
5231,116
5232,54
5233,24
5234,41
5234,116
5235,116
5236,101
5237,54
5238,116
5238,21
5239,103
5240,116
5240,52
5241,116
5242,21
5244,37
5244,115
5244,116
5245,116
5246,116
5247,96
5248,96
5249,79
5249,39
5250,68
5251,109
5252,115
5253,116
5254,116
5256,116
5258,115
5259,116
5261,37
5261,71
5262,116
5263,116
5263,54
5264,21
5265,21
5266,103
5266,5
5267,116
5268,116
5269,116
5270,116
5270,21
5271,19
5271,116
5272,116
5272,30
5273,116
5274,116
5275,7
5276,116
5277,116
5278,116
5279,103
5280,23
5281,116
5283,116
5284,116
5285,116
5286,116
5287,116
5288,116
5289,109
5290,109
5291,46
5293,54
5294,54
5295,116
5296,46
5297,46
5298,54
5299,54
5300,116
5301,46
5302,116
5303,116
5304,46
5305,46
5306,116
5306,25
5306,68
5307,39
5308,116
5309,37
5310,46
5310,102
5311,5
5311,103
5312,24
5313,115
5313,52
5313,51
5313,84
5313,116
5314,5
5314,117
5314,103
5314,37
5315,5
5316,116
5317,116
5318,7
5319,116
5320,116
5321,116
5322,116
5323,116
5324,115
5324,37
5324,116
5324,13
5325,111
5326,116
5327,116
5328,54
5329,116
5330,116
5331,68
5332,116
5333,116
5334,116
5335,46
5338,46
5341,116
5342,37
5342,21
5342,24
5342,19
5343,68
5344,116
5345,115
5345,37
5345,13
5345,116
5346,116
5347,103
5347,39
5348,96
5349,109
5350,101
5351,91
5352,50
5354,116
5355,109
5356,91
5359,116
5360,7
5362,23
5362,37
5363,96
5364,115
5365,37
5366,115
5367,115
5368,116
5369,116
5370,116
5371,106
5371,116
5372,46
5373,116
5374,103
5375,103
5376,116
5377,116
5378,116
5379,116
5380,116
5381,116
5382,21
5383,24
5384,24
5385,24
5386,116
5387,24
5388,37
5389,111
5390,7
5391,96
5392,46
5393,116
5393,21
5395,75
5396,111
5397,46
5398,115
5399,46
5400,96
5401,46
5403,103
5404,96
5405,96
5406,96
5407,96
5408,96
5409,46
5410,96
5411,96
5412,103
5413,116
5413,21
5414,116
5414,115
5415,54
5416,101
5416,116
5417,116
5418,116
5419,75
5419,116
5420,116
5421,46
5422,116
5423,116
5423,54
5423,21
5424,116
5425,116
5426,116
5427,116
5428,116
5429,52
5429,116
5430,46
5431,16
5432,115
5433,116
5434,101
5435,101
5436,101
5437,101
5438,24
5439,101
5440,101
5441,21
5441,116
5442,46
5443,47
5444,103
5445,115
5446,116
5447,101
5448,46
5449,115
5450,116
5451,115
5452,115
5453,46
5454,116
5455,16
5456,37
5456,115
5456,46
5457,21
5457,116
5458,96
5460,116
5461,46
5462,46
5463,46
5464,103
5465,30
5466,96
5467,115
5468,115
5469,116
5470,46
5471,116
5472,116
5473,46
5474,116
5475,37
5477,54
5478,110
5479,16
5480,116
5481,116
5482,46
5483,46
5484,116
5485,116
5486,46
5487,29
5487,97
5488,39
5488,116
5490,116
5491,115
5492,37
5492,21
5493,116
5494,116
5495,7
5496,68
5497,116
5498,116
5499,96
5499,37
5500,46
5501,46
5502,37
5502,13
5503,37
5503,13
5504,115
5505,21
5506,46
5507,21
5508,103
5508,107
5509,116
5509,7
5509,24
5510,101
5511,101
5512,116
5513,21
5513,116
5514,101
5515,103
5516,46
5517,100
5517,116
5517,39
5518,106
5519,116
5520,21
5521,116
5522,116
5523,116
5524,116
5525,116
5526,116
5527,39
5528,39
5529,39
5530,52
5531,78
5532,37
5532,13
5533,103
5534,116
5535,68
5536,116
5537,116
5538,101
5539,116
5540,103
5540,5
5541,116
5542,116
5543,111
5544,16
5545,116
5546,46
5547,116
5548,46
5549,116
5550,46
5551,103
5552,5
5553,103
5554,115
5556,115
5557,116
5558,116
5559,116
5559,115
5559,7
5560,16
5561,116
5562,116
5563,116
5564,54
5565,116
5566,116
5567,116
5568,7
5569,101
5570,54
5571,115
5571,54
5571,116
5572,46
5573,21
5574,115
5575,46
5576,116
5577,116
5578,87
5578,103
5579,116
5580,116
5581,101
5582,111
5583,116
5584,115
5585,46
5586,101
5587,116
5588,46
5589,16
5590,16
5591,116
5592,68
5593,101
5594,111
5595,116
5596,103
5597,116
5598,103
5598,52
5598,5
5599,101
5600,46
5601,39
5602,101
5603,21
5604,101
5605,103
5606,23
5606,103
5606,5
5606,39
5607,116
5608,115
5609,101
5610,54
5611,115
5611,116
5612,52
5613,121
5614,116
5615,68
5616,116
5617,46
5618,46
5619,46
5620,103
5621,103
5622,21
5622,116
5623,116
5624,68
5625,37
5626,115
5627,16
5628,116
5629,37
5630,46
5631,116
5632,116
5633,39
5634,8
5634,29
5635,39
5636,39
5637,37
5638,116
5639,60
5639,89
5640,116
5641,116
5642,115
5642,55
5642,89
5642,48
5643,116
5644,116
5645,21
5646,116
5647,116
5648,46
5649,116
5650,37
5650,13
5651,116
5652,46
5653,68
5654,101
5655,54
5656,116
5657,68
5658,116
5659,116
5660,37
5660,101
5660,54
5661,116
5662,116
5663,115
5664,116
5665,39
5666,101
5667,115
5668,101
5669,101
5670,101
5671,24
5672,101
5673,54
5674,101
5675,115
5676,101
5677,51
5677,39
5677,37
5678,21
5678,54
5678,75
5679,68
5680,116
5681,115
5682,116
5683,116
5683,44
5684,116
5685,109
5686,116
5687,37
5687,39
5688,116
5689,116
5690,116
5691,116
5692,37
5693,21
5694,21
5694,116
5695,116
5696,116
5697,46
5698,116
5699,84
5700,109
5701,109
5702,46
5703,116
5704,109
5705,116
5706,46
5707,68
5708,116
5709,116
5710,116
5711,46
5712,68
5713,116
5714,116
5715,37
5715,89
5716,25
5717,115
5718,39
5719,46
5720,116
5721,37
5722,116
5723,45
5724,115
5725,116
5726,8
5727,115
5728,109
5729,109
5730,109
5731,109
5732,109
5733,109
5734,116
5736,103
5737,21
5738,21
5738,116
5739,115
5739,39
5739,21
5740,37
5741,37
5741,13
5742,21
5743,37
5744,103
5745,116
5746,116
5747,37
5748,54
5749,54
5750,54
5751,37
5752,54
5753,115
5753,37
5754,54
5755,116
5756,116
5757,116
5758,116
5759,116
5760,116
5761,50
5761,100
5762,116
5763,109
5764,109
5765,76
5766,16
5767,109
5768,46
5769,109
5770,116
5770,91
5771,23
5771,116
5771,37
5772,109
5773,103
5774,116
5774,21
5775,116
5777,75
5778,109
5779,46
5780,116
5781,52
5782,109
5783,30
5783,116
5784,116
5785,116
5786,116
5793,21
5793,116
5794,116
5795,116
5796,115
5797,116
5798,116
5799,115
5801,116
5802,115
5803,115
5804,116
5805,115
5806,109
5807,115
5808,54
5809,116
5810,116
5811,116
5812,116
5813,115
5814,116
5815,115
5816,116
5817,116
5818,116
5819,116
5820,116
5821,116
5822,115
5823,115
5824,115
5825,116
5826,25
5827,115
5828,116
5829,116
5830,116
5830,37
5831,116
5832,116
5833,21
5834,46
5834,115
5835,54
5836,116
5837,116
5838,46
5840,68
5841,116
5842,24
5842,43
5843,116
5844,54
5845,7
5846,7
5847,116
5848,116
5849,21
5849,115
5849,116
5850,116
5851,116
5852,13
5852,37
5852,75
5853,116
5854,54
5854,116
5855,116
5856,21
5857,54
5858,116
5859,21
5860,115
5861,115
5862,116
5863,116
5864,54
5865,24
5865,116
5866,116
5867,116
5868,116
5869,116
5870,116
5872,116
5873,68
5874,43
5874,24
5875,43
5875,24
5876,116
5877,116
5878,37
5879,116
5880,116
5881,21
5882,116
5883,54
5884,116
5885,116
5886,116
5887,116
5888,116
5889,116
5890,116
5891,116
5892,116
5893,116
5894,115
5894,113
5894,116
5895,116
5897,116
5898,116
5899,116
5900,116
5901,116
5902,116
5903,39
5903,7
5903,37
5903,24
5904,116
5905,116
5906,116
5907,116
5908,116
5909,115
5910,68
5911,116
5912,116
5913,116
5914,116
5915,37
5916,116
5917,116
5918,116
5919,116
5921,116
5922,116
5923,79
5923,116
5924,21
5925,116
5926,115
5927,116
5928,116
5929,116
5930,116
5931,116
5931,14
5931,33
5932,116
5933,116
5934,116
5934,44
5934,50
5934,21
5935,116
5936,115
5936,34
5936,116
5937,116
5938,116
5939,116
5940,116
5940,115
5941,116
5942,116
5943,116
5944,116
5945,116
5946,116
5947,116
5948,116
5949,116
5950,116
5951,116
5952,116
5953,116
5954,116
5954,37
5954,115
5955,103
5955,68
5955,37
5956,116
5957,30
5958,116
5959,116
5960,116
5961,116
5962,46
5963,46
5964,78
5966,79
5966,45
5966,116
5967,46
5968,115
5969,46
5970,46
5971,46
5972,116
5973,21
5974,21
5976,45
5977,111
5978,116
5979,111
5980,116
5981,116
5982,116
5982,100
5983,103
5984,116
5985,115
5986,116
5987,101
5988,116
5989,116
5991,43
5991,24
5991,96
5992,116
5993,116
5993,39
5994,116
5995,116
5996,116
5997,116
5998,101
5999,115
6000,116
6001,116
6002,46
6003,116
6004,100
6004,24
6004,116
6005,5
6006,115
6007,116
6009,116
6010,47
6011,21
6012,34
6013,116
6014,30
6014,37
6014,86
6015,116
6016,116
6018,116
6019,116
6020,116
6021,47
6022,76
6022,115
6023,46
6024,116
6025,46
6026,80
6027,116
6028,116
6028,24
6029,46
6030,116
6031,116
6031,115
6032,115
6032,116
6033,116
6034,75
6034,30
6034,100
6035,21
6035,116
6036,46
6037,116
6038,109
6039,116
6040,116
6041,116
6042,116
6043,116
6044,116
6045,101
6047,114
6047,116
6048,116
6049,16
6050,116
6051,75
6052,115
6053,116
6054,116
6055,21
6056,46
6057,48
6057,37
6058,116
6058,115
6058,37
6059,116
6060,51
6060,116
6061,116
6062,116
6063,116
6064,46
6065,116
6066,116
6067,116
6068,21
6069,116
6070,111
6071,46
6072,46
6073,46
6074,46
6075,46
6076,46
6077,34
6078,46
6079,101
6080,116
6081,115
6081,116
6081,37
6081,39
6082,5
6083,68
6084,21
6085,116
6085,115
6086,116
6087,111
6087,116
6088,21
6089,116
6090,37
6091,7
6091,37
6092,46
6093,21
6093,116
6094,115
6095,116
6096,116
6097,116
6098,116
6098,23
6099,115
6100,115
6102,46
6103,46
6104,116
6105,115
6106,46
6107,46
6108,34
6109,116
6109,17
6110,103
6111,116
6112,116
6113,116
6114,106
6114,116
6115,116
6116,50
6116,115
6116,116
6117,103
6117,52
6118,116
6119,116
6120,116
6121,115
6122,115
6122,37
6122,39
6123,116
6123,39
6123,21
6124,116
6125,116
6125,46
6126,115
6127,116
6128,116
6129,115
6130,46
6131,34
6132,116
6133,116
6134,116
6135,116
6136,116
6137,116
6138,116
6139,116
6140,116
6141,21
6142,21
6142,63
6143,116
6144,115
6144,116
6145,116
6146,116
6147,116
6147,21
6148,116
6149,115
6150,46
6151,116
6152,116
6153,116
6154,116
6155,34
6156,109
6157,116
6158,34
6159,46
6160,103
6161,116
6162,116
6163,116
6164,116
6165,46
6165,39
6166,46
6167,46
6168,46
6169,116
6170,16
6170,75
6170,116
6170,25
6170,8
6170,39
6171,116
6172,34
6174,116
6175,46
6176,54
6177,116
6178,116
6179,116
6179,21
6180,37
6180,21
6180,13
6181,116
6182,34
6183,47
6184,116
6185,115
6185,116
6186,116
6187,116
6188,116
6189,101
6190,116
6191,21
6192,116
6192,21
6193,21
6193,37
6194,115
6195,23
6196,115
6197,7
6198,17
6198,116
6198,103
6198,21
6199,116
6200,106
6200,75
6201,46
6202,46
6203,111
6204,37
6204,116
6204,68
6205,46
6206,16
6207,21
6208,116
6209,7
6209,115
6209,114
6209,21
6210,116
6211,116
6212,115
6213,96
6213,116
6214,116
6214,21
6215,46
6216,46
6217,116
6218,23
6219,116
6220,116
6221,116
6222,80
6223,111
6224,116
6225,116
6226,110
6228,110
6229,110
6230,103
6231,46
6232,7
6232,6
6232,54
6232,55
6232,68
6232,69
6232,76
6232,85
6232,100
6232,106
6232,116
6232,117
6233,116
6234,116
6235,116
6236,116
6237,116
6238,116
6239,116
6239,21
6240,116
6240,21
6241,116
6242,116
6243,116
6244,23
6245,46
6246,116
6247,116
6247,37
6248,52
6249,116
6250,116
6251,116
6252,115
6253,46
6254,46
6255,116
6255,7
6256,116
6257,91
6258,39
6259,115
6259,116
6260,116
6261,21
6262,101
6263,21
6265,116
6266,116
6267,47
6268,34
6269,115
6269,50
6270,116
6271,116
6272,54
6272,116
6273,116
6275,111
6276,46
6277,115
6278,116
6279,21
6280,116
6281,116
6282,116
6283,116
6284,111
6285,39
6287,116
6288,46
6289,34
6290,54
6291,116
6291,46
6292,46
6292,48
6293,46
6294,46
6295,46
6297,46
6298,46
6299,46
6300,116
6300,37
6300,54
6301,116
6302,116
6303,115
6304,116
6304,39
6305,116
6306,30
6307,116
6308,115
6309,116
6310,115
6310,37
6311,116
6312,46
6313,46
6314,21
6315,116
6316,120
6317,21
6318,103
6319,46
6320,116
6321,116
6321,115
6322,111
6323,103
6324,116
6325,116
6326,116
6327,5
6327,103
6328,116
6329,116
6330,116
6331,116
6332,7
6332,116
6333,37
6334,110
6335,37
6336,116
6337,37
6337,13
6337,103
6338,116
6339,116
6340,115
6341,116
6341,37
6342,39
6342,116
6343,116
6344,21
6345,116
6347,21
6348,30
6348,106
6348,51
6348,116
6349,46
6350,115
6351,50
6351,115
6352,116
6352,45
6353,116
6354,116
6355,75
6356,7
6357,116
6358,46
6360,115
6361,116
6362,115
6362,91
6363,115
6364,21
6364,116
6365,16
6366,116
6367,116
6368,116
6369,116
6370,116
6370,51
6370,52
6370,100
6371,116
6372,116
6373,46
6374,7
6375,116
6376,116
6378,116
6379,24
6380,116
6381,21
6382,21
6383,21
6385,47
6385,96
6386,75
6386,30
6386,37
6386,39
6387,116
6389,116
6390,116
6391,101
6391,54
6392,115
6393,116
6394,116
6395,13
6395,37
6396,116
6397,115
6398,47
6399,5
6400,101
6401,115
6401,80
6402,46
6406,52
6407,68
6407,116
6408,116
6409,116
6410,21
6411,116
6412,101
6413,116
6414,116
6414,115
6415,37
6416,37
6416,76
6417,46
6418,50
6419,116
6420,85
6421,115
6421,116
6421,7
6422,116
6423,116
6424,116
6424,68
6425,54
6426,115
6426,29
6426,116
6426,39
6426,10
6427,43
6428,43
6430,116
6431,24
6431,39
6431,46
6431,116
6432,116
6432,7
6433,21
6434,79
6435,46
6436,116
6437,46
6438,46
6439,46
6440,80
6441,39
6441,104
6442,116
6443,47
6444,116
6444,106
6445,115
6445,116
6446,116
6447,116
6448,46
6449,116
6450,21
6451,43
6451,24
6452,116
6453,46
6453,37
6454,7
6455,116
6456,101
6457,116
6458,115
6459,115
6463,46
6464,46
6465,116
6466,78
6467,116
6469,24
6471,116
6471,46
6471,11
6472,115
6472,116
6473,116
6473,21
6473,37
6474,116
6475,116
6476,116
6477,21
6477,116
6478,116
6479,116
6480,116
6481,5
6482,65
6483,80
6484,46
6485,116
6486,115
6487,16
6487,37
6487,39
6488,115
6489,115
6490,116
6491,116
6491,115
6491,7
6492,116
6493,116
6494,46
6495,116
6496,116
6497,115
6498,116
6499,115
6499,116
6500,39
6500,116
6500,43
6500,96
6501,37
6501,39
6501,107
6502,116
6509,116
6509,39
6510,116
6511,46
6512,116
6513,116
6514,46
6515,39
6515,37
6515,63
6515,115
6515,116
6516,46
6517,21
6517,116
6517,115
6518,116
6520,116
6521,46
6522,115
6522,21
6522,52
6523,116
6524,29
6524,37
6525,116
6526,120
6527,50
6528,111
6529,46
6531,116
6532,116
6533,21
6535,116
6536,21
6537,7
6538,116
6539,116
6539,39
6540,46
6541,37
6542,109
6542,43
6542,116
6542,24
6543,116
6544,116
6545,46
6546,111
6547,116
6548,115
6549,116
6550,116
6551,5
6552,46
6553,116
6553,46
6554,116
6555,7
6556,39
6556,7
6557,39
6558,68
6559,115
6560,116
6561,116
6562,50
6563,46
6564,115
6564,86
6564,116
6565,116
6565,115
6565,37
6566,46
6567,46
6568,46
6569,115
6569,116
6570,24
6571,109
6572,116
6573,75
6574,116
6575,115
6576,46
6577,116
6578,116
6579,46
6580,116
6581,21
6582,116
6583,116
6584,115
6585,116
6586,7
6587,46
6588,116
6589,116
6590,30
6590,122
6591,116
6592,116
6594,116
6595,34
6596,115
6596,100
6597,116
6598,36
6598,106
6598,79
6598,59
6598,39
6599,21
6600,46
6601,46
6602,116
6603,46
6604,24
6604,43
6605,115
6606,115
6607,37
6607,13
6608,115
6608,116
6609,46
6610,116
6611,116
6612,21
6613,43
6614,116
6615,116
6616,100
6616,116
6616,76
6616,21
6618,116
6618,52
6618,115
6618,61
6619,116
6620,116
6621,116
6622,30
6622,37
6622,13
6622,52
6622,75
6622,116
6622,115
6623,116
6624,116
6625,116
6625,7
6625,68
6626,37
6627,37
6628,37
6629,115
6630,115
6631,116
6632,116
6633,115
6633,29
6633,39
6633,116
6634,116
6635,43
6636,116
6637,116
6638,116
6639,37
6639,24
6639,54
6639,116
6640,116
6641,116
6642,116
6643,116
6645,116
6645,101
6645,24
6646,116
6647,39
6648,39
6648,13
6649,116
6650,116
6651,116
6651,23
6652,80
6652,79
6652,116
6653,46
6654,116
6655,115
6656,116
6657,16
6658,115
6660,116
6661,116
6662,109
6663,116
6664,116
6665,46
6666,46
6667,46
6668,46
6669,116
6669,21
6669,13
6669,115
6670,103
6671,25
6672,25
6673,68
6674,119
6675,116
6676,103
6677,116
6679,75
6680,115
6681,116
6682,37
6685,115
6686,116
6687,47
6688,7
6689,116
6690,21
6690,37
6690,52
6690,71
6690,116
6691,116
6693,46
6694,115
6695,116
6697,21
6697,103
6697,37
6698,116
6699,21
6700,43
6700,116
6701,116
6701,47
6702,116
6703,86
6704,5
6705,68
6706,46
6707,52
6709,116
6710,115
6710,116
6711,116
6712,103
6712,37
6712,52
6713,115
6714,116
6715,115
6716,24
6718,116
6719,79
6720,116
6721,116
6722,116
6723,115
6723,116
6724,111
6725,111
6726,111
6727,111
6728,116
6729,116
6730,54
6731,115
6732,46
6733,116
6734,116
6735,39
6736,46
6737,116
6738,46
6739,34
6741,115
6742,116
6743,46
6744,116
6745,116
6746,78
6747,115
6748,116
6749,111
6750,116
6751,47
6752,116
6753,116
6753,21
6754,116
6754,39
6755,52
6755,37
6756,46
6757,116
6758,115
6758,21
6758,116
6759,115
6761,116
6763,114
6764,43
6765,116
6766,21
6766,116
6767,34
6768,116
6769,101
6770,43
6771,114
6771,116
6771,115
6773,116
6774,103
6775,116
6776,116
6777,68
6778,115
6779,116
6780,116
6781,116
6782,115
6783,116
6784,115
6785,16
6786,115
6786,51
6786,91
6787,115
6788,116
6789,39
6789,116
6790,103
6790,27
6791,115
6792,116
6792,39
6793,116
6793,16
6794,116
6795,116
6796,116
6796,37
6796,68
6797,116
6797,77
6798,34
6799,116
6800,116
6801,116
6802,116
6803,39
6804,34
6805,37
6805,115
6805,116
6806,116
6807,115
6807,116
6807,103
6807,39
6807,41
6807,21
6808,115
6808,116
6808,103
6808,39
6808,41
6808,21
6809,115
6809,116
6809,103
6809,39
6809,41
6809,21
6810,116
6811,21
6811,116
6812,116
6813,120
6814,116
6814,115
6815,116
6816,16
6816,37
6817,46
6818,91
6819,116
6820,47
6821,109
6822,46
6823,116
6823,52
6824,54
6825,47
6826,47
6827,54
6827,116
6828,46
6829,46
6830,116
6831,115
6832,115
6833,106
6834,116
6834,7
6835,52
6835,21
6835,37
6836,116
6837,115
6837,116
6838,116
6839,116
6840,116
6841,46
6842,110
6842,116
6843,54
6844,116
6844,7
6845,54
6846,116
6847,54
6848,46
6849,47
6850,116
6851,115
6851,30
6851,21
6851,26
6852,85
6853,116
6855,116
6856,116
6857,24
6857,43
6858,116
6859,116
6860,115
6861,46
6862,54
6863,115
6863,116
6864,116
6865,116
6866,7
6867,46
6868,52
6868,39
6869,116
6870,111
6871,116
6872,116
6873,116
6874,34
6875,116
6875,37
6875,115
6875,54
6876,116
6876,115
6876,30
6876,106
6877,116
6878,116
6879,116
6879,21
6880,116
6880,115
6881,116
6881,115
6881,52
6882,116
6883,116
6883,37
6883,21
6883,103
6884,46
6885,39
6885,116
6886,115
6887,103
6888,46
6889,116
6890,116
6891,115
6892,115
6893,116
6894,78
6895,116
6896,116
6897,21
6898,115
6899,23
6900,111
6901,111
6903,46
6904,111
6905,116
6905,115
6905,21
6906,116
6906,54
6907,116
6908,46
6909,116
6910,34
6911,116
6912,116
6913,116
6914,115
6915,109
6916,116
6917,68
6918,115
6919,116
6920,115
6921,91
6921,116
6921,24
6923,116
6924,116
6924,21
6924,39
6925,116
6926,115
6927,116
6927,21
6928,65
6929,116
6930,116
6931,116
6932,46
6933,47
6934,116
6935,116
6936,7
6937,21
6937,116
6938,116
6939,50
6939,116
6940,116
6940,114
6941,116
6942,116
6943,7
6944,116
6945,116
6946,116
6947,21
6948,116
6948,24
6949,116
6949,21
6950,116
6951,21
6951,115
6952,116
6953,116
6954,116
6955,116
6956,46
6957,116
6958,43
6958,24
6959,30
6960,116
6961,101
6962,46
6963,24
6964,7
6965,21
6966,116
6967,115
6968,115
6969,46
6969,116
6970,5
6971,46
6972,7
6973,116
6974,115
6975,37
6976,80
6977,116
6978,111
6979,7
6980,116
6980,50
6981,116
6982,110
6983,110
6984,46
6986,116
6987,116
6988,116
6989,46
6990,116
6991,116
6991,100
6992,110
6993,116
6993,21
6994,115
6995,46
6996,50
6996,115
6996,52
6996,116
6998,116
6999,116
7000,115
7001,116
7002,13
7003,86
7004,116
7005,116
7005,21
7006,116
7006,21
7007,98
7007,26
7007,39
7007,29
7007,89
7008,116
7008,115
7009,116
7010,68
7010,116
7011,116
7012,21
7012,115
7012,75
7014,116
7015,116
7016,46
7017,116
7018,46
7019,46
7020,80
7021,115
7022,21
7023,116
7023,103
7023,39
7024,115
7025,116
7025,52
7026,116
7027,116
7028,116
7030,5
7031,46
7031,54
7032,115
7033,116
7034,116
7035,68
7036,24
7037,24
7037,101
7037,116
7038,115
7039,116
7040,116
7042,110
7043,115
7043,37
7043,13
7044,116
7045,116
7046,116
7047,21
7047,50
7047,116
7048,24
7048,43
7049,46
7050,116
7051,116
7051,37
7052,116
7053,116
7053,39
7054,37
7055,109
7056,116
7057,115
7057,116
7057,31
7058,111
7059,95
7059,116
7060,46
7061,115
7061,116
7062,116
7062,94
7063,116
7064,46
7065,115
7066,116
7067,116
7068,116
7069,116
7070,116
7071,116
7072,115
7073,39
7073,116
7074,39
7074,115
7074,116
7075,46
7076,115
7077,116
7078,51
7079,115
7080,68
7081,21
7082,116
7083,21
7084,54
7085,54
7086,54
7087,116
7088,21
7089,100
7089,39
7089,75
7089,37
7090,46
7091,46
7092,116
7093,116
7094,21
7094,116
7094,115
7094,37
7094,63
7095,46
7096,115
7097,101
7098,46
7099,116
7101,103
7102,34
7103,116
7105,46
7106,37
7106,13
7107,21
7108,116
7108,50
7109,116
7110,120
7111,46
7113,46
7114,46
7115,80
7116,54
7117,116
7118,86
7119,116
7120,116
7121,116
7122,116
7123,50
7123,116
7123,37
7124,116
7125,46
7126,116
7127,91
7128,116
7130,115
7131,46
7132,116
7133,46
7135,116
7136,115
7137,46
7138,23
7139,68
7140,46
7141,116
7143,116
7144,116
7145,116
7146,116
7147,116
7147,7
7148,39
7148,116
7148,21
7149,43
7150,116
7151,54
7152,115
7152,39
7152,21
7152,116
7153,111
7154,46
7155,46
7156,46
7157,46
7158,46
7159,46
7160,116
7160,37
7160,21
7160,60
7160,89
7161,46
7162,115
7163,46
7164,46
7165,46
7166,116
7167,46
7168,116
7169,46
7170,46
7171,116
7172,116
7173,116
7174,116
7175,116
7176,116
7177,116
7178,80
7179,46
7180,46
7181,46
7182,46
7183,46
7184,46
7185,46
7186,46
7187,116
7188,116
7189,116
7190,85
7191,75
7191,13
7191,115
7191,116
7192,116
7192,54
7193,116
7194,115
7195,37
7196,116
7197,116
7198,116
7199,116
7200,44
7201,115
7202,116
7203,116
7203,21
7205,116
7206,37
7206,13
7206,24
7206,116
7207,46
7208,116
7210,115
7211,65
7212,54
7213,116
7213,23
7213,51
7214,116
7215,116
7215,115
7215,7
7216,115
7218,115
7218,79
7218,30
7218,39
7218,106
7219,46
7220,79
7220,30
7220,106
7225,46
7229,116
7231,116
7232,116
7233,46
7234,43
7234,24
7234,116
7235,68
7235,116
7236,116
7237,24
7237,46
7237,74
7239,115
7240,111
7241,111
7242,46
7243,116
7244,46
7245,5
7246,116
7247,116
7248,52
7250,68
7251,68
7252,25
7252,68
7252,116
7253,46
7254,110
7255,43
7256,116
7257,116
7258,25
7259,46
7260,115
7261,116
7261,68
7262,101
7263,116
7264,115
7264,101
7265,116
7265,37
7266,37
7267,37
7268,116
7268,50
7269,116
7270,116
7271,116
7273,115
7274,46
7275,116
7275,21
7276,116
7276,7
7277,24
7278,43
7279,116
7280,116
7282,30
7284,30
7284,24
7286,116
7286,52
7287,37
7288,116
7289,111
7290,116
7291,21
7292,116
7293,116
7294,116
7295,115
7296,21
7297,43
7298,116
7299,68
7300,116
7301,115
7302,116
7302,46
7303,34
7305,43
7306,7
7307,7
7308,7
7309,116
7309,41
7309,16
7310,116
7314,116
7315,116
7316,116
7317,116
7318,103
7319,68
7320,115
7321,115
7321,116
7322,37
7322,116
7323,68
7324,116
7325,101
7325,37
7326,115
7326,116
7327,115
7328,21
7329,43
7330,39
7331,46
7334,25
7335,116
7335,7
7335,92
7335,115
7336,21
7337,109
7338,116
7339,43
7340,46
7341,43
7342,101
7344,116
7345,34
7346,47
7347,115
7348,39
7348,115
7349,116
7350,116
7351,43
7352,5
7353,24
7354,46
7355,46
7356,5
7356,23
7356,84
7357,46
7358,46
7358,37
7359,116
7360,46
7361,7
7361,116
7362,116
7363,116
7364,116
7365,43
7366,46
7367,116
7368,23
7369,52
7370,54
7371,37
7371,13
7372,37
7373,79
7374,46
7375,46
7376,46
7377,46
7378,43
7379,111
7379,9
7380,46
7381,46
7382,46
7383,116
7384,116
7384,24
7384,43
7385,115
7385,37
7387,46
7388,46
7389,116
7390,116
7391,116
7392,115
7393,115
7394,46
7395,46
7396,115
7397,21
7397,116
7398,116
7400,46
7401,116
7402,116
7403,43
7403,24
7404,116
7405,116
7406,46
7408,116
7409,54
7410,116
7410,115
7411,115
7412,46
7413,101
7414,5
7415,46
7416,116
7417,43
7418,34
7419,116
7420,116
7421,46
7422,68
7423,21
7424,116
7425,21
7426,86
7426,121
7427,115
7428,115
7429,7
7430,46
7432,116
7433,101
7434,39
7434,116
7434,106
7435,116
7436,116
7437,21
7437,103
7438,47
7440,103
7441,78
7442,116
7443,46
7444,115
7445,116
7445,19
7446,46
7447,116
7447,41
7449,116
7450,37
7451,46
7452,116
7453,21
7453,116
7454,116
7454,21
7455,46
7456,68
7457,54
7458,79
7458,115
7458,37
7458,50
7459,116
7460,116
7461,109
7462,116
7463,116
7464,116
7464,115
7465,115
7465,86
7466,65
7467,116
7468,46
7469,116
7470,116
7471,78
7472,24
7472,21
7472,116
7473,101
7474,116
7475,116
7475,103
7477,116
7478,115
7479,21
7480,34
7481,39
7481,115
7482,116
7483,116
7484,116
7485,116
7486,116
7487,116
7488,116
7489,116
7490,116
7491,116
7492,116
7493,116
7494,116
7495,21
7496,116
7496,39
7497,115
7498,115
7499,115
7499,116
7500,116
7501,37
7501,13
7502,80
7502,116
7503,39
7503,116
7504,116
7505,46
7506,46
7507,7
7508,116
7509,116
7510,116
7511,51
7511,106
7511,39
7511,75
7512,43
7513,116
7514,21
7515,34
7516,116
7517,46
7518,37
7519,116
7520,116
7521,116
7522,103
7523,116
7524,21
7525,46
7526,116
7527,34
7528,116
7529,21
7530,52
7531,115
7532,107
7532,37
7534,116
7534,21
7535,116
7535,21
7537,43
7538,115
7539,116
7540,115
7541,110
7542,115
7542,116
7544,116
7545,46
7546,116
7546,68
7547,52
7547,46
7548,50
7549,116
7549,15
7550,46
7551,116
7552,54
7553,116
7554,116
7556,116
7557,116
7558,46
7559,116
7560,116
7561,115
7561,116
7562,116
7563,116
7564,116
7564,115
7565,116
7565,115
7566,115
7567,115
7568,116
7569,116
7570,23
7570,5
7570,37
7570,103
7570,116
7571,116
7572,116
7573,116
7574,116
7575,46
7576,116
7577,116
7578,116
7580,116
7580,7
7581,54
7582,21
7582,116
7583,46
7584,23
7585,116
7586,79
7587,116
7588,46
7588,116
7589,116
7589,46
7589,101
7589,24
7590,115
7591,116
7592,116
7593,116
7594,116
7595,116
7596,116
7597,116
7598,116
7599,116
7600,116
7601,116
7602,116
7603,116
7604,116
7605,116
7606,116
7607,116
7608,116
7609,116
7610,116
7611,116
7612,116
7613,116
7614,116
7615,115
7615,21
7616,39
7618,51
7619,52
7620,54
7621,116
7622,115
7623,30
7623,39
7623,13
7623,115
7623,37
7624,30
7624,39
7624,13
7624,115
7624,37
7624,106
7626,115
7627,116
7628,37
7628,107
7628,103
7628,116
7628,114
7629,7
7630,116
7631,116
7632,116
7633,43
7634,103
7635,116
7636,110
7637,110
7639,21
7640,116
7641,116
7642,37
7643,34
7644,43
7645,16
7645,46
7645,24
7645,116
7646,46
7647,116
7648,116
7649,116
7650,116
7651,115
7652,52
7652,116
7653,110
7654,116
7655,46
7656,116
7657,116
7658,46
7659,116
7660,30
7660,37
7660,116
7660,106
7661,7
7661,49
7662,116
7663,101
7664,115
7665,24
7665,43
7667,115
7668,101
7669,24
7669,71
7669,43
7670,116
7671,43
7672,116
7673,46
7674,7
7674,114
7675,46
7676,115
7677,21
7677,116
7677,39
7678,24
7679,115
7680,115
7680,110
7681,46
7682,116
7683,116
7684,46
7685,119
7685,25
7686,7
7687,110
7688,116
7689,116
7690,43
7691,116
7692,115
7693,103
7694,116
7695,46
7696,21
7697,116
7698,21
7699,46
7700,46
7701,116
7702,116
7703,25
7703,116
7704,116
7705,46
7706,116
7707,116
7708,111
7709,116
7710,46
7711,116
7712,46
7713,110
7714,116
7715,116
7716,65
7717,115
7717,116
7718,50
7718,115
7718,116
7719,116
7719,103
7720,21
7721,116
7722,116
7723,37
7723,39
7723,29
7723,13
7724,116
7725,116
7725,7
7727,37
7727,13
7728,116
7729,46
7730,110
7731,78
7732,46
7733,116
7734,116
7735,46
7736,116
7737,46
7738,5
7739,37
7740,115
7741,115
7742,116
7743,37
7743,13
7744,116
7744,115
7745,116
7746,21
7746,116
7747,107
7747,118
7747,52
7747,39
7747,37
7748,116
7749,116
7750,87
7750,37
7750,86
7750,116
7751,115
7752,46
7754,116
7756,116
7757,116
7757,37
7757,54
7758,116
7759,37
7759,54
7759,116
7760,116
7760,37
7760,54
7761,116
7762,116
7762,76
7763,116
7763,76
7763,54
7764,116
7765,116
7765,76
7766,116
7767,116
7768,116
7769,116
7771,116
7773,116
7774,116
7775,116
7776,116
7776,37
7776,54
7777,116
7777,75
7777,54
7777,37
7778,116
7778,37
7778,54
7779,116
7780,116
7781,116
7782,46
7782,107
7783,116
7784,46
7785,116
7786,116
7787,43
7789,116
7790,116
7791,116
7792,21
7793,5
7794,46
7795,116
7796,21
7796,46
7797,115
7798,46
7799,46
7800,116
7801,116
7802,115
7802,116
7803,109
7804,116
7804,71
7807,116
7809,116
7810,116
7811,16
7812,46
7813,116
7814,46
7815,116
7816,24
7817,46
7818,46
7819,116
7820,46
7821,46
7822,96
7822,54
7822,37
7823,46
7824,101
7825,46
7826,80
7827,116
7828,46
7829,34
7830,46
7832,116
7833,68
7834,21
7835,116
7836,7
7837,116
7838,46
7839,115
7841,34
7842,115
7843,116
7844,65
7845,21
7845,68
7845,39
7845,100
7846,116
7847,115
7847,116
7847,21
7848,21
7849,39
7849,37
7849,116
7849,21
7849,115
7850,116
7851,116
7852,43
7853,46
7855,43
7855,116
7856,115
7857,116
7857,115
7858,68
7859,116
7860,116
7861,46
7862,115
7862,50
7863,46
7864,46
7865,46
7866,46
7867,78
7868,52
7869,115
7870,116
7870,54
7871,116
7872,116
7873,116
7874,116
7875,116
7876,116
7877,34
7878,116
7879,116
7879,117
7880,46
7880,21
7881,50
7881,21
7881,115
7881,116
7882,21
7883,115
7883,39
7884,110
7886,116
7887,116
7888,116
7889,68
7890,46
7891,68
7892,43
7893,116
7893,39
7893,7
7894,46
7895,116
7896,116
7897,116
7898,54
7899,116
7900,116
7901,116
7902,46
7903,52
7904,116
7905,46
7906,52
7906,37
7907,111
7908,21
7909,46
7910,80
7911,46
7912,116
7913,46
7914,46
7915,46
7916,34
7917,46
7918,46
7919,34
7920,100
7920,116
7922,116
7923,46
7924,46
7925,116
7926,7
7926,37
7926,50
7927,37
7928,21
7929,7
7929,46
7930,46
7931,46
7932,46
7933,116
7935,46
7936,46
7937,116
7938,116
7939,34
7940,116
7941,116
7941,115
7941,7
7942,116
7943,116
7944,116
7945,116
7946,52
7946,37
7947,116
7948,116
7949,116
7950,116
7951,116
7952,116
7952,115
7952,21
7952,54
7953,116
7954,116
7955,116
7956,116
7957,106
7957,115
7957,36
7958,116
7959,43
7959,109
7960,101
7961,116
7961,115
7961,103
7961,101
7962,116
7963,116
7964,116
7965,115
7966,116
7967,115
7968,116
7969,115
7970,115
7971,116
7971,115
7972,111
7973,115
7973,37
7973,116
7974,21
7975,42
7976,113
7977,116
7978,116
7979,116
7980,115
7980,37
7981,68
7982,116
7983,51
7984,46
7985,52
7985,100
7985,121
7985,7
7985,116
7986,46
7987,46
7988,46
7989,43
7990,116
7991,46
7992,116
7993,116
7994,115
7994,116
7995,116
7995,39
7995,115
7995,7
7996,46
7997,116
7998,7
7999,7
8000,46
8001,116
8002,116
8002,114
8003,115
8003,116
8004,46
8004,116
8005,110
8006,52
8006,37
8006,107
8007,116
8008,46
8009,116
8010,21
8010,37
8010,116
8011,116
8012,91
8013,25
8013,68
8013,116
8014,116
8014,25
8015,46
8016,47
8017,107
8017,116
8018,84
8019,116
8020,116
8021,110
8021,21
8021,116
8022,116
8023,116
8024,24
8024,43
8024,116
8025,24
8025,43
8026,116
8026,37
8027,116
8028,116
8029,116
8030,116
8031,116
8032,116
8033,115
8033,76
8034,116
8035,116
8036,116
8037,116
8038,116
8039,46
8040,116
8041,47
8042,68
8043,116
8044,116
8045,29
8045,115
8045,37
8046,116
8047,116
8048,7
8048,115
8048,21
8049,116
8050,110
8051,116
8052,116
8053,115
8054,116
8055,116
8056,116
8057,116
8058,115
8059,116
8060,116
8061,115
8062,116
8063,116
8064,116
8064,37
8065,53
8065,116
8066,116
8067,116
8068,116
8069,103
8070,116
8071,116
8072,21
8073,21
8073,116
8073,115
8074,116
8075,116
8076,115
8077,107
8078,116
8079,116
8080,34
8081,116
8082,46
8083,110
8084,116
8085,116
8085,21
8086,101
8087,116
8088,7
8088,115
8088,116
8088,76
8088,52
8088,37
8089,116
8090,46
8091,116
8092,21
8093,116
8093,115
8094,37
8094,116
8094,21
8095,7
8095,115
8096,75
8096,13
8097,116
8098,116
8099,101
8100,16
8102,116
8103,116
8104,52
8104,37
8105,110
8106,46
8107,51
8108,115
8108,37
8108,21
8108,13
8108,116
8109,101
8110,116
8111,30
8111,115
8111,106
8112,46
8112,37
8113,46
8114,46
8115,116
8116,46
8117,116
8117,101
8117,24
8118,116
8119,116
8120,116
8121,115
8122,116
8123,47
8124,116
8125,116
8126,116
8127,116
8128,46
8130,116
8130,115
8131,116
8131,21
8132,116
8132,106
8133,24
8133,43
8134,43
8135,116
8136,46
8137,46
8138,116
8138,39
8139,37
8139,116
8140,115
8140,116
8141,46
8142,37
8143,116
8144,116
8145,34
8146,116
8147,116
8148,46
8149,116
8150,43
8150,116
8151,116
8151,43
8153,46
8154,116
8154,56
8155,5
8155,37
8155,116
8155,39
8155,89
8156,43
8157,68
8158,116
8158,39
8158,115
8159,116
8159,39
8159,115
8159,52
8160,37
8161,116
8162,46
8163,115
8163,46
8164,46
8165,46
8166,116
8167,116
8168,116
8169,68
8169,103
8170,21
8171,116
8173,21
8174,116
8175,116
8175,76
8175,115
8176,5
8177,101
8178,116
8179,116
8180,116
8181,36
8181,116
8182,116
8183,34
8184,96
8185,103
8185,37
8185,117
8186,21
8186,116
8187,116
8187,21
8188,37
8188,21
8188,116
8189,115
8189,116
8191,116
8192,115
8193,116
8194,43
8195,116
8196,116
8198,16
8199,115
8200,115
8201,116
8202,116
8203,21
8203,116
8204,116
8205,115
8206,116
8207,115
8208,116
8209,37
8210,116
8211,116
8212,116
8212,21
8212,24
8213,115
8213,116
8214,116
8215,116
8216,50
8216,21
8216,63
8216,116
8216,115
8216,85
8216,46
8217,116
8218,78
8219,116
8219,29
8219,115
8220,116
8222,43
8223,116
8223,24
8224,116
8225,51
8225,39
8226,46
8227,21
8228,116
8229,116
8230,116
8231,34
8232,78
8233,116
8234,7
8235,34
8236,103
8236,68
8237,68
8237,37
8238,115
8238,116
8239,116
8240,116
8241,115
8242,116
8243,116
8244,21
8245,51
8245,39
8245,86
8245,63
8245,13
8245,37
8245,116
8246,34
8247,116
8248,101
8249,116
8250,116
8251,86
8252,115
8252,54
8252,116
8253,116
8254,115
8254,116
8255,46
8256,47
8257,116
8257,115
8258,46
8259,115
8260,7
8261,8
8261,116
8262,21
8262,7
8263,116
8263,43
8264,5
8264,23
8265,116
8266,52
8266,116
8267,116
8268,54
8269,116
8270,116
8271,47
8272,116
8272,43
8273,21
8274,116
8275,116
8276,116
8277,115
8277,62
8278,116
8279,116
8280,116
8281,116
8282,115
8282,116
8283,116
8284,115
8285,115
8286,116
8287,116
8288,78
8289,116
8290,116
8290,41
8290,115
8291,16
8292,116
8293,115
8294,43
8295,116
8296,116
8297,43
8298,116
8298,24
8299,116
8300,115
8300,24
8300,116
8300,46
8301,115
8302,116
8303,116
8303,41
8304,76
8305,116
8306,115
8306,116
8307,79
8308,47
8309,116
8310,116
8311,116
8311,106
8311,79
8312,46
8313,51
8314,116
8315,116
8316,116
8317,115
8317,116
8317,71
8318,116
8318,115
8318,71
8321,101
8322,115
8323,46
8324,116
8324,7
8325,115
8326,116
8327,116
8328,116
8329,116
8330,103
8330,21
8330,116
8331,21
8332,116
8333,21
8334,103
8335,116
8336,116
8337,110
8339,116
8340,46
8341,46
8342,21
8343,116
8343,46
8343,114
8344,115
8345,115
8345,116
8346,116
8347,115
8347,21
8347,37
8347,116
8348,115
8349,68
8350,30
8351,116
8352,116
8353,116
8354,115
8355,115
8356,116
8357,115
8358,116
8360,115
8360,37
8361,37
8362,116
8363,116
8364,46
8364,39
8364,37
8365,47
8366,116
8368,115
8368,116
8368,7
8369,21
8369,116
8370,101
8371,116
8372,116
8373,13
8373,50
8373,75
8373,39
8373,1
8374,7
8375,37
8375,116
8376,116
8377,16
8378,115
8379,116
8380,116
8381,116
8382,46
8384,21
8384,116
8385,116
8386,37
8386,21
8386,52
8386,116
8386,24
8387,39
8388,116
8389,50
8389,115
8389,41
8389,37
8389,75
8390,50
8391,116
8392,116
8393,116
8394,30
8394,47
8394,36
8394,79
8394,115
8394,51
8394,37
8394,116
8394,39
8394,75
8395,76
8395,116
8396,76
8396,116
8397,115
8397,39
8397,116
8398,115
8399,86
8400,43
8401,116
8401,7
8401,100
8401,115
8402,115
8402,116
8402,103
8402,39
8402,41
8402,21
8403,116
8404,116
8404,39
8404,68
8405,116
8406,116
8407,116
8408,116
8409,101
8410,116
8411,116
8411,115
8412,116
8413,116
8414,37
8415,103
8416,30
8417,116
8417,21
8418,76
8419,116
8420,106
8421,116
8422,115
8423,52
8425,116
8426,116
8427,116
8428,116
8429,21
8430,116
8431,39
8432,116
8433,116
8434,116
8435,85
8436,116
8437,115
8438,115
8439,116
8440,116
8442,116
8443,115
8443,116
8444,39
8445,116
8445,29
8446,116
8447,99
8447,57
8447,105
8447,100
8447,116
8448,115
8448,116
8449,116
8450,46
8451,34
8452,116
8453,21
8453,116
8454,101
8455,116
8455,115
8456,116
8456,29
8457,116
8458,101
8459,116
8460,116
8461,116
8462,21
8463,47
8464,116
8464,39
8465,116
8466,46
8467,115
8468,116
8468,21
8468,54
8468,82
8469,116
8470,116
8471,76
8473,37
8474,115
8474,103
8474,13
8475,95
8475,101
8475,98
8476,34
8477,116
8478,115
8479,116
8480,116
8481,91
8482,115
8483,116
8484,7
8484,116
8485,116
8485,115
8486,116
8487,30
8487,115
8487,100
8487,106
8487,13
8488,7
8489,39
8489,21
8489,116
8490,116
8491,116
8492,116
8492,37
8492,54
8493,116
8494,116
8495,46
8496,116
8497,52
8498,116
8499,68
8500,47
8501,113
8502,116
8503,116
8504,116
8505,86
8506,116
8507,115
8508,116
8509,116
8510,116
8511,116
8512,115
8513,116
8514,116
8514,21
8515,116
8516,116
8516,115
8517,116
8518,116
8519,34
8520,116
8521,115
8522,116
8522,114
8523,116
8524,116
8525,116
8526,116
8527,115
8528,116
8529,115
8530,50
8530,21
8530,116
8530,115
8531,116
8532,116
8533,116
8534,110
8536,116
8537,13
8537,37
8538,116
8539,116
8540,116
8541,34
8542,116
8543,7
8543,116
8544,76
8544,115
8544,7
8545,116
8546,85
8547,78
8548,116
8549,115
8549,21
8549,116
8550,116
8551,24
8552,115
8553,51
8554,37
8555,115
8555,116
8556,115
8557,21
8558,109
8559,50
8560,43
8561,21
8562,46
8563,116
8564,116
8565,110
8566,101
8567,24
8568,13
8569,46
8569,116
8570,110
8571,116
8572,116
8572,21
8573,115
8574,115
8574,7
8574,21
8574,116
8575,43
8575,24
8577,116
8578,116
8579,24
8580,24
8581,46
8582,46
8585,116
8586,116
8587,39
8587,116
8587,52
8588,116
8588,119
8589,116
8590,115
8591,21
8592,115
8592,21
8592,54
8594,115
8594,116
8595,115
8595,116
8595,29
8596,116
8597,46
8598,116
8599,116
8601,116
8602,46
8603,110
8604,101
8605,115
8606,116
8607,115
8607,24
8607,116
8608,115
8608,16
8608,39
8609,116
8610,115
8611,21
8612,116
8614,116
8615,116
8616,100
8616,116
8617,116
8617,100
8618,115
8619,46
8620,46
8621,46
8622,116
8623,115
8623,73
8623,100
8623,122
8623,116
8624,91
8625,116
8626,116
8627,116
8628,116
8629,21
8629,116
8629,46
8629,115
8630,46
8631,116
8631,115
8632,116
8633,116
8634,54
8634,116
8635,116
8636,116
8637,115
8638,46
8639,115
8640,21
8641,7
8642,116
8642,37
8643,46
8644,110
8645,115
8645,21
8645,116
8646,116
8647,116
8648,116
8649,107
8649,115
8649,116
8650,21
8651,116
8652,115
8652,39
8653,21
8653,46
8654,34
8655,116
8656,46
8657,34
8658,116
8659,116
8659,115
8659,39
8660,116
8661,116
8662,46
8663,46
8664,116
8665,115
8665,46
8665,106
8666,116
8667,115
8667,13
8668,116
8669,116
8671,46
8672,46
8673,111
8674,46
8675,101
8676,115
8677,80
8678,46
8679,46
8680,116
8682,116
8683,115
8684,116
8685,116
8685,21
8686,46
8687,116
8687,46
8688,115
8689,34
8690,68
8691,86
8692,116
8693,116
8693,16
8693,46
8693,112
8693,24
8694,115
8694,37
8694,116
8695,116
8696,103
8697,116
8698,116
8699,116
8699,5
8700,86
8701,116
8702,43
8703,115
8704,46
8705,116
8706,116
8706,37
8707,116
8708,86
8710,24
8711,111
8712,109
8713,116
8714,115
8715,116
8716,47
8717,116
8718,115
8718,46
8718,116
8719,84
8719,116
8719,115
8720,39
8720,116
8720,115
8720,21
8721,116
8722,116
8723,115
8724,115
8725,116
8726,116
8727,109
8728,115
8729,21
8729,46
8729,110
8729,116
8729,114
8730,116
8731,115
8732,115
8733,116
8734,116
8735,115
8736,116
8736,32
8736,121
8737,37
8737,75
8737,100
8737,36
8738,116
8739,7
8740,111
8741,116
8742,116
8743,116
8744,21
8745,116
8746,116
8747,116
8748,116
8749,115
8751,116
8752,80
8753,46
8754,116
8755,116
8756,21
8756,116
8757,116
8758,116
8759,68
8760,46
8761,46
8762,46
8763,46
8764,46
8765,34
8765,8
8765,116
8766,46
8767,37
8767,13
8768,110
8769,110
8770,110
8771,116
8772,54
8772,116
8773,116
8775,91
8775,103
8777,115
8778,116
8779,26
8779,98
8779,95
8779,70
8780,85
8781,116
8782,116
8783,43
8784,116
8785,34
8785,37
8786,54
8786,21
8787,111
8788,116
8788,37
8788,101
8788,47
8789,46
8790,46
8791,80
8792,114
8792,55
8793,116
8795,116
8796,116
8797,46
